image_path,joint_1,joint_2,joint_3,joint_4,joint_5,joint_6
../dataset/Meca500/image/image613.jpg,0.0,35.831735,3.894452,7.440595,14.624167,-367.440595
../dataset/Meca500/image/image273.jpg,37.455,31.28324,-16.348752,52.545,22.520512,-412.545
../dataset/Meca500/image/image807.jpg,-50.715,1.868871,0.203082,39.285,48.643046,-500.715
../dataset/Meca500/image/image648.jpg,-90.0,66.874583,-34.707229,0.0,57.832645,-540.0
../dataset/Meca500/image/image740.jpg,21.821424,6.852202,-0.588201,10.966461,31.193093,-386.602131
../dataset/Meca500/image/image910.jpg,-46.399771,30.277838,-6.417476,0.0,66.139638,-496.399771
../dataset/Meca500/image/image438.jpg,82.965108,10.7419,-1.97333,0.0,81.23143,-367.034892
../dataset/Meca500/image/image579.jpg,64.176973,30.572857,-8.206026,0.0,67.633169,-385.823027
../dataset/Meca500/image/image240.jpg,-90.0,40.353314,-20.074338,0.0,69.721024,-540.0
../dataset/Meca500/image/image353.jpg,-38.396882,48.606132,-13.05711,0.0,54.450978,-488.396882
../dataset/Meca500/image/image340.jpg,0.0,46.150795,5.016002,4.17376,18.835731,-364.17376
../dataset/Meca500/image/image159.jpg,90.0,5.041625,-0.591405,0.0,85.549781,-360.0
../dataset/Meca500/image/image938.jpg,-90.0,8.7018,-2.610877,0.0,83.909077,-540.0
../dataset/Meca500/image/image328.jpg,13.842732,4.346792,-0.373134,13.824941,19.787783,-383.743651
../dataset/Meca500/image/image140.jpg,58.125,48.547279,-25.37101,-31.875,34.948732,-328.125
../dataset/Meca500/image/image506.jpg,-78.779335,57.636218,-27.973205,0.0,60.336988,-528.779335
../dataset/Meca500/image/image530.jpg,-57.885,2.133089,0.231794,32.115,55.520117,-507.885
../dataset/Meca500/image/image107.jpg,-90.0,31.682899,-15.290508,0.0,73.607609,-180.0
../dataset/Meca500/image/image28.jpg,90.0,17.402216,-7.411259,0.0,80.009043,0.0
../dataset/Meca500/image/image106.jpg,-90.0,36.693139,-18.054867,0.0,71.361727,-180.0
../dataset/Meca500/image/image741.jpg,16.84224,5.288676,-0.453986,12.750324,24.075494,-384.818268
../dataset/Meca500/image/image945.jpg,-61.395,2.262434,0.245849,28.605,58.886716,-511.395
../dataset/Meca500/image/image661.jpg,-88.544994,3.26293,0.354565,1.455006,84.927499,-538.544994
../dataset/Meca500/image/image760.jpg,-15.622623,62.510684,-6.504258,0.0,33.993573,-421.031714
../dataset/Meca500/image/image846.jpg,90.0,22.892479,-10.440466,0.0,77.547988,-360.0
../dataset/Meca500/image/image407.jpg,15.285,12.766368,-6.671757,74.715,9.190389,-434.715
../dataset/Meca500/image/image330.jpg,3.824373,1.200901,-0.103087,17.41416,5.466831,-380.154432
../dataset/Meca500/image/image996.jpg,61.817797,33.062977,-8.988649,0.0,65.925672,-388.182203
../dataset/Meca500/image/image135.jpg,31.605,26.397191,-13.795282,-58.395,19.003091,-301.605
../dataset/Meca500/image/image84.jpg,-43.347933,37.267187,-8.949448,0.0,61.68226,-133.347933
../dataset/Meca500/image/image417.jpg,64.275,53.683894,-28.055427,25.725,38.646533,-385.725
../dataset/Meca500/image/image860.jpg,42.688576,53.253951,-15.334495,0.0,52.080544,-407.311424
../dataset/Meca500/image/image481.jpg,-0.9878,59.532378,5.629568,0.000961,24.833449,-363.859925
../dataset/Meca500/image/image757.jpg,-2.418244,59.826224,4.443876,0.0,25.7299,-369.447169
../dataset/Meca500/image/image526.jpg,-78.885,2.906949,0.315886,11.115,75.662165,-528.885
../dataset/Meca500/image/image422.jpg,89.23185,74.495253,-38.930564,0.76815,53.667161,-360.76815
../dataset/Meca500/image/image66.jpg,0.0,28.002448,3.043508,9.91921,11.428765,-9.91921
../dataset/Meca500/image/image198.jpg,0.0,28.842372,3.134797,9.653305,11.771567,-369.653305
../dataset/Meca500/image/image139.jpg,52.125,43.535947,-22.752067,-37.875,31.341121,-322.125
../dataset/Meca500/image/image258.jpg,-37.035,1.364757,0.148302,52.965,35.521941,-487.035
../dataset/Meca500/image/image57.jpg,20.50164,6.437774,-0.552626,11.439292,29.3065,-26.1293
../dataset/Meca500/image/image776.jpg,-61.617188,30.81811,-10.672983,0.0,69.854873,-511.617188
../dataset/Meca500/image/image285.jpg,90.0,68.734672,-35.733517,0.0,56.998845,-360.0
../dataset/Meca500/image/image100.jpg,-90.0,69.184694,-35.981813,0.0,56.797119,-180.0
../dataset/Meca500/image/image423.jpg,90.0,70.894776,-36.925337,0.0,56.030561,-360.0
../dataset/Meca500/image/image535.jpg,-31.875,1.174609,0.12764,58.125,30.572752,-481.875
../dataset/Meca500/image/image442.jpg,63.551649,31.232889,-8.413468,0.0,67.18058,-386.448351
../dataset/Meca500/image/image928.jpg,-90.0,58.714193,-30.204801,0.0,61.490608,-540.0
../dataset/Meca500/image/image29.jpg,90.0,11.881952,-4.365499,0.0,82.483547,0.0
../dataset/Meca500/image/image902.jpg,-28.289614,65.085893,-17.006828,0.0,41.920935,-470.516887
../dataset/Meca500/image/image226.jpg,-67.16513,39.487498,-16.26556,0.0,66.778062,-517.16513
../dataset/Meca500/image/image913.jpg,-52.871794,17.222229,-1.890591,0.0,74.668362,-502.871794
../dataset/Meca500/image/image534.jpg,-37.875,1.395711,0.151666,52.125,36.327622,-487.875
../dataset/Meca500/image/image972.jpg,73.095,61.050552,-31.905273,16.905,43.949721,-376.905
../dataset/Meca500/image/image495.jpg,-46.399771,30.277838,-6.417476,0.0,66.139638,-496.399771
../dataset/Meca500/image/image251.jpg,-72.555,2.673686,0.290538,17.445,69.590776,-522.555
../dataset/Meca500/image/image694.jpg,74.955,62.604065,-32.717146,15.045,45.068081,-375.045
../dataset/Meca500/image/image271.jpg,27.435,22.914316,-11.975117,62.565,16.495801,-422.565
../dataset/Meca500/image/image976.jpg,90.0,72.574856,-37.852307,0.0,55.277451,-360.0
../dataset/Meca500/image/image582.jpg,49.96507,45.573581,-12.920622,0.0,57.347041,-400.03493
../dataset/Meca500/image/image390.jpg,-69.225,2.550974,0.277204,20.775,66.396823,-519.225
../dataset/Meca500/image/image602.jpg,19.151862,6.013926,-0.516243,11.92287,27.37703,-385.645722
../dataset/Meca500/image/image753.jpg,0.0,42.671112,4.637805,5.275367,17.415553,-365.275367
../dataset/Meca500/image/image160.jpg,86.916017,6.571699,-0.662673,0.0,84.090974,-363.083983
../dataset/Meca500/image/image6.jpg,32.775,27.374401,-14.305976,0.010963,19.706575,-0.010963
../dataset/Meca500/image/image542.jpg,3.615,3.019328,-1.577913,86.385,2.173586,-446.385
../dataset/Meca500/image/image81.jpg,-36.576257,52.775744,-14.567599,0.0,51.791855,-126.576257
../dataset/Meca500/image/image294.jpg,90.0,22.71247,-10.341148,0.0,77.628678,-360.0
../dataset/Meca500/image/image730.jpg,44.186206,35.347366,-8.25397,0.0,62.906604,-405.813794
../dataset/Meca500/image/image577.jpg,73.6421,20.582375,-5.066105,0.0,74.48373,-376.3579
../dataset/Meca500/image/image664.jpg,-73.545,2.710168,0.294502,16.455,70.54033,-523.545
../dataset/Meca500/image/image843.jpg,90.0,37.893197,-18.716988,0.0,70.823792,-360.0
../dataset/Meca500/image/image44.jpg,35.593906,55.025535,-15.382612,0.0,50.357077,-54.406094
../dataset/Meca500/image/image693.jpg,70.455,58.845566,-30.752938,19.545,42.362372,-379.545
../dataset/Meca500/image/image739.jpg,26.830603,8.425148,-0.723225,9.171852,38.353569,-388.39674
../dataset/Meca500/image/image782.jpg,-81.447722,61.805923,-30.663061,0.0,58.857138,-531.447722
../dataset/Meca500/image/image70.jpg,0.0,49.510489,5.381157,3.11014,20.206938,-3.11014
../dataset/Meca500/image/image341.jpg,0.0,51.160338,5.560475,2.587826,20.880299,-362.587826
../dataset/Meca500/image/image113.jpg,-86.865,3.201016,0.347841,-3.135,83.316143,-183.135
../dataset/Meca500/image/image494.jpg,-44.002833,35.767327,-8.406106,0.0,62.638779,-494.002833
../dataset/Meca500/image/image53.jpg,42.488037,13.341779,-1.145274,3.562354,60.735417,-34.006238
../dataset/Meca500/image/image696.jpg,84.945,70.947933,-37.077686,5.055,51.074753,-365.055
../dataset/Meca500/image/image24.jpg,90.0,37.893197,-18.716988,0.0,70.823792,0.0
../dataset/Meca500/image/image348.jpg,-23.734615,64.159858,-13.230146,0.0,39.070287,-452.722218
../dataset/Meca500/image/image768.jpg,-41.016485,42.60669,-10.883744,0.0,58.277053,-491.016485
../dataset/Meca500/image/image632.jpg,-46.321183,30.457821,-6.482677,0.0,66.024856,-496.321183
../dataset/Meca500/image/image434.jpg,90.0,15.902144,-6.583607,0.0,80.681463,-360.0
../dataset/Meca500/image/image284.jpg,90.0,73.234888,-38.216474,0.0,54.981586,-360.0
../dataset/Meca500/image/image555.jpg,69.615,58.14398,-30.386286,20.385,41.857307,-380.385
../dataset/Meca500/image/image899.jpg,-15.904111,62.567911,-6.737648,0.0,34.169737,-422.131384
../dataset/Meca500/image/image403.jpg,-4.215,0.155325,0.016878,85.785,4.042797,-454.215
../dataset/Meca500/image/image572.jpg,90.0,10.561889,-3.637165,0.0,83.075277,-360.0
../dataset/Meca500/image/image443.jpg,59.288078,35.733106,-9.827847,0.0,64.094741,-390.711922
../dataset/Meca500/image/image168.jpg,49.027085,46.563628,-13.231785,0.0,56.668157,-400.972915
../dataset/Meca500/image/image838.jpg,90.0,62.884392,-32.505674,0.0,59.621282,-360.0
../dataset/Meca500/image/image779.jpg,-71.522857,46.297018,-20.658346,0.0,64.361328,-521.522857
../dataset/Meca500/image/image262.jpg,-17.055,0.628485,0.068295,72.945,16.35822,-467.055
../dataset/Meca500/image/image109.jpg,-90.0,21.182397,-9.496943,0.0,78.314546,-180.0
../dataset/Meca500/image/image220.jpg,-49.595687,22.958519,-3.765969,0.0,70.80745,-499.595687
../dataset/Meca500/image/image379.jpg,-90.0,36.543132,-17.972101,0.0,71.428969,-540.0
../dataset/Meca500/image/image831.jpg,68.265,57.01643,-29.797024,21.735,41.045594,-381.735
../dataset/Meca500/image/image564.jpg,90.0,50.553802,-25.702373,0.0,65.148571,-360.0
../dataset/Meca500/image/image522.jpg,-90.0,12.691991,-4.812432,0.0,82.120441,-540.0
../dataset/Meca500/image/image764.jpg,-32.070539,63.094784,-18.30579,0.0,45.211005,-482.070539
../dataset/Meca500/image/image391.jpg,-64.215,2.366353,0.257142,25.785,61.591506,-514.215
../dataset/Meca500/image/image706.jpg,90.0,30.212829,-14.479409,0.0,74.26658,-360.0
../dataset/Meca500/image/image507.jpg,-82.311589,63.155828,-31.533878,0.0,58.37805,-532.311589
../dataset/Meca500/image/image421.jpg,84.285,70.396686,-36.789602,5.715,50.677916,-365.715
../dataset/Meca500/image/image105.jpg,-90.0,42.183402,-21.084074,0.0,68.900672,-180.0
../dataset/Meca500/image/image224.jpg,-60.753321,29.468205,-9.802166,0.0,70.333961,-510.753321
../dataset/Meca500/image/image543.jpg,8.625,7.20379,-3.764731,81.375,5.185941,-441.375
../dataset/Meca500/image/image236.jpg,-90.0,60.874296,-31.39662,0.0,60.522324,-540.0
../dataset/Meca500/image/image547.jpg,28.605,23.891525,-12.485811,61.395,17.199285,-421.395
../dataset/Meca500/image/image906.jpg,-37.886059,49.776023,-13.480916,0.0,53.704893,-487.886059
../dataset/Meca500/image/image576.jpg,78.388876,15.572133,-3.49143,0.0,77.919297,-371.611124
../dataset/Meca500/image/image368.jpg,-79.528019,58.806135,-28.727913,0.0,59.921778,-529.528019
../dataset/Meca500/image/image623.jpg,-23.018098,64.01419,-12.636061,0.0,38.621871,-449.923057
../dataset/Meca500/image/image590.jpg,40.112722,44.676498,-11.633555,0.0,56.957057,-409.887278
../dataset/Meca500/image/image608.jpg,0.0,11.323968,1.230771,15.199325,4.621702,-375.199325
../dataset/Meca500/image/image604.jpg,9.673415,3.037574,-0.260749,15.318658,13.827866,-382.249934
../dataset/Meca500/image/image824.jpg,33.765,28.201271,-14.738102,56.235,20.301831,-416.235
../dataset/Meca500/image/image382.jpg,-90.0,22.022437,-9.960428,0.0,77.937991,-540.0
../dataset/Meca500/image/image935.jpg,-90.0,23.702518,-10.887399,0.0,77.184881,-540.0
../dataset/Meca500/image/image56.jpg,25.990741,8.16142,-0.700586,9.472744,37.15301,-28.095848
../dataset/Meca500/image/image349.jpg,-28.008125,65.028666,-16.773437,0.0,41.744771,-469.417216
../dataset/Meca500/image/image727.jpg,37.637197,50.34597,-13.687386,0.0,53.341416,-412.362803
../dataset/Meca500/image/image716.jpg,68.127882,26.402656,-6.895368,0.0,70.492713,-381.872118
../dataset/Meca500/image/image227.jpg,-70.678187,44.977111,-19.806881,0.0,64.82977,-520.678187
../dataset/Meca500/image/image337.jpg,0.0,31.152161,3.385842,8.922066,12.714272,-368.922066
../dataset/Meca500/image/image303.jpg,66.223487,28.412753,-7.527124,0.0,69.114372,-383.776513
../dataset/Meca500/image/image880.jpg,15.01254,4.714127,-0.404666,13.405841,21.45999,-384.162751
../dataset/Meca500/image/image557.jpg,79.605,66.487847,-34.746826,10.395,47.863979,-370.395
../dataset/Meca500/image/image524.jpg,-88.8711,3.278842,0.353722,1.1289,85.238536,-538.8711
../dataset/Meca500/image/image42.jpg,31.287887,65.122435,-19.049975,0.0,43.92754,-58.712113
../dataset/Meca500/image/image960.jpg,12.105,10.110362,-5.283718,77.895,7.278355,-437.895
../dataset/Meca500/image/image184.jpg,41.168254,12.927351,-1.109699,4.035185,58.848824,-393.533407
../dataset/Meca500/image/image400.jpg,-18.705,0.689288,0.074902,71.295,17.94081,-468.705
../dataset/Meca500/image/image948.jpg,-47.385,1.746159,0.189748,42.615,45.449093,-497.385
../dataset/Meca500/image/image261.jpg,-22.035,0.812,0.088237,67.965,21.134763,-472.035
../dataset/Meca500/image/image533.jpg,-42.885,1.580332,0.171728,47.115,41.13294,-492.885
../dataset/Meca500/image/image795.jpg,-90.0,23.042486,-10.523232,0.0,77.480746,-540.0
../dataset/Meca500/image/image536.jpg,-26.895,0.991093,0.107698,63.105,25.796209,-476.895
../dataset/Meca500/image/image924.jpg,-88.051501,72.125195,-37.31997,0.0,55.194775,-538.051501
../dataset/Meca500/image/image794.jpg,-90.0,28.022724,-13.271037,0.0,75.248313,-540.0
../dataset/Meca500/image/image851.jpg,84.386298,9.241828,-1.501871,0.0,82.260043,-365.613702
../dataset/Meca500/image/image525.jpg,-83.895,3.09157,0.335948,6.105,80.467482,-533.895
../dataset/Meca500/image/image333.jpg,0.0,11.653938,1.266634,15.094863,4.756374,-375.094863
../dataset/Meca500/image/image401.jpg,-13.725,0.505773,0.05496,76.275,13.164267,-463.725
../dataset/Meca500/image/image493.jpg,-41.815464,40.776861,-10.220867,0.0,59.444006,-491.815464
../dataset/Meca500/image/image178.jpg,44.251696,35.19738,-8.199636,0.0,63.002256,-405.748304
../dataset/Meca500/image/image991.jpg,85.011622,8.581796,-1.294429,0.0,82.712632,-364.988378
../dataset/Meca500/image/image145.jpg,85.125,71.098273,-37.156254,-4.875,51.182981,-355.125
../dataset/Meca500/image/image319.jpg,49.634981,22.868527,-3.733368,0.0,70.864841,-400.365019
../dataset/Meca500/image/image749.jpg,0.0,23.172889,2.518597,11.448164,9.457655,-371.448164
../dataset/Meca500/image/image666.jpg,-64.065,2.360825,0.256541,25.935,61.447634,-514.065
../dataset/Meca500/image/image527.jpg,-73.395,2.70464,0.293902,16.605,70.396458,-523.395
../dataset/Meca500/image/image841.jpg,90.0,47.883675,-24.229152,0.0,66.345477,-360.0
../dataset/Meca500/image/image492.jpg,-39.628095,45.786395,-12.035628,0.0,56.249233,-489.628095
../dataset/Meca500/image/image131.jpg,9.615,8.03066,-4.196856,-80.385,5.781197,-279.615
../dataset/Meca500/image/image192.jpg,1.157846,0.366614,-0.03088,18.36852,1.656347,-379.19815
../dataset/Meca500/image/image14.jpg,75.795,63.305652,-33.083798,0.002721,45.573146,-0.002721
../dataset/Meca500/image/image780.jpg,-75.05511,51.816628,-24.219018,0.0,62.40239,-525.05511
../dataset/Meca500/image/image979.jpg,90.0,57.574138,-29.575785,0.0,62.001647,-360.0
../dataset/Meca500/image/image721.jpg,44.905633,50.913838,-14.599018,0.0,53.68518,-405.094367
../dataset/Meca500/image/image502.jpg,-66.301264,38.137594,-15.394744,0.0,67.25715,-516.301264
../dataset/Meca500/image/image398.jpg,-28.725,1.05853,0.115026,61.275,27.551444,-478.725
../dataset/Meca500/image/image568.jpg,90.0,30.572846,-14.678046,0.0,74.105199,-360.0
../dataset/Meca500/image/image72.jpg,-0.589663,59.408193,5.954976,0.014651,24.566634,-2.318241
../dataset/Meca500/image/image102.jpg,-90.0,58.684191,-30.188248,0.0,61.504056,-180.0
../dataset/Meca500/image/image89.jpg,-56.702748,23.138652,-5.719004,0.0,72.580352,-146.702748
../dataset/Meca500/image/image75.jpg,-13.780151,62.136108,-4.976611,0.0,32.840503,-53.83387
../dataset/Meca500/image/image514.jpg,-90.0,51.693857,-26.331388,0.0,64.637532,-540.0
../dataset/Meca500/image/image20.jpg,90.0,58.384177,-30.022717,0.0,61.63854,0.0
../dataset/Meca500/image/image872.jpg,51.534194,18.518932,-2.157678,0.0,73.638746,-398.465806
../dataset/Meca500/image/image956.jpg,-7.395,0.272509,0.029612,82.605,7.092878,-457.395
../dataset/Meca500/image/image813.jpg,-21.225,0.782151,0.084993,68.775,20.357856,-471.225
../dataset/Meca500/image/image700.jpg,90.0,60.724289,-31.313855,0.0,60.589566,-360.0
../dataset/Meca500/image/image709.jpg,90.0,15.722136,-6.484289,0.0,80.762153,-360.0
../dataset/Meca500/image/image260.jpg,-27.045,0.996621,0.108299,62.955,25.940081,-477.045
../dataset/Meca500/image/image864.jpg,34.50677,57.515303,-16.284559,0.0,48.769256,-415.49323
../dataset/Meca500/image/image283.jpg,86.955,72.626729,-37.955032,3.045,52.283303,-363.045
../dataset/Meca500/image/image356.jpg,-44.945891,33.607528,-7.623694,0.0,64.016166,-494.945891
../dataset/Meca500/image/image541.jpg,-1.395,0.05148,0.00555,88.604832,1.338139,-451.395
../dataset/Meca500/image/image426.jpg,90.0,55.894058,-28.648815,0.0,62.754757,-360.0
../dataset/Meca500/image/image710.jpg,90.0,10.711896,-3.719931,0.0,83.008035,-360.0
../dataset/Meca500/image/image669.jpg,-49.065,1.808068,0.196475,40.935,47.060457,-499.065
../dataset/Meca500/image/image41.jpg,36.06583,60.244288,-17.531497,0.0,47.287208,-53.93417
../dataset/Meca500/image/image699.jpg,90.0,65.734529,-34.078213,0.0,58.343684,-360.0
../dataset/Meca500/image/image156.jpg,90.0,20.552367,-9.149329,0.0,78.596962,-360.0
../dataset/Meca500/image/image818.jpg,3.765,3.144611,-1.643387,86.235,2.263776,-446.235
../dataset/Meca500/image/image209.jpg,-20.894138,63.582387,-10.875024,0.0,37.292637,-441.625543
../dataset/Meca500/image/image874.jpg,44.497708,13.972841,-1.199445,2.842361,63.608183,-394.726231
../dataset/Meca500/image/image412.jpg,39.795,33.23766,-17.37014,50.205,23.92748,-410.205
../dataset/Meca500/image/image204.jpg,-0.206894,59.119129,6.24938,0.081528,24.240869,-360.889786
../dataset/Meca500/image/image38.jpg,51.215718,44.253517,-12.505738,0.0,58.252221,-38.784282
../dataset/Meca500/image/image937.jpg,-90.0,13.712039,-5.375235,0.0,81.663196,-540.0
../dataset/Meca500/image/image469.jpg,1.01381,0.327324,-0.026352,18.418243,1.452875,-379.144666
../dataset/Meca500/image/image980.jpg,90.0,52.563898,-26.811427,0.0,64.247528,-360.0
../dataset/Meca500/image/image483.jpg,-9.097203,61.184062,-1.093843,0.0,29.909781,-395.539352
../dataset/Meca500/image/image416.jpg,59.775,49.925395,-26.09122,30.225,35.940825,-390.225
../dataset/Meca500/image/image988.jpg,90.0,13.052008,-5.011068,0.0,81.95906,-360.0
../dataset/Meca500/image/image883.jpg,0.257508,0.323389,0.019419,18.61526,0.467084,-378.799772
../dataset/Meca500/image/image163.jpg,72.704115,21.572423,-5.377269,0.0,73.804846,-377.295885
../dataset/Meca500/image/image378.jpg,-90.0,41.043347,-20.455058,0.0,69.411711,-540.0
../dataset/Meca500/image/image733.jpg,50.735215,20.348762,-2.820555,0.0,72.471793,-399.264785
../dataset/Meca500/image/image487.jpg,-26.140064,64.648888,-15.224573,0.0,40.575685,-462.119403
../dataset/Meca500/image/image101.jpg,-90.0,63.694431,-32.952606,0.0,59.258175,-180.0
../dataset/Meca500/image/image242.jpg,-90.0,30.872861,-14.843576,0.0,73.970715,-540.0
../dataset/Meca500/image/image959.jpg,7.125,5.950957,-3.109995,82.875,4.284038,-442.875
../dataset/Meca500/image/image814.jpg,-16.215,0.59753,0.064931,73.785,15.552539,-466.215
../dataset/Meca500/image/image383.jpg,-90.0,17.522222,-7.477472,0.0,79.95525,-540.0
../dataset/Meca500/image/image645.jpg,-85.709463,68.465453,-34.95909,0.0,56.493636,-535.709463
../dataset/Meca500/image/image826.jpg,44.265,36.971102,-19.321252,45.735,26.61515,-405.735
../dataset/Meca500/image/image992.jpg,80.293271,13.562036,-2.859674,0.0,79.297638,-369.706729
../dataset/Meca500/image/image678.jpg,-4.545,0.167485,0.0182,85.455,4.359315,-454.545
../dataset/Meca500/image/image355.jpg,-42.758522,38.617062,-9.438455,0.0,60.821393,-492.758522
../dataset/Meca500/image/image518.jpg,-90.0,31.712901,-15.307061,0.0,73.594161,-540.0
../dataset/Meca500/image/image141.jpg,63.615,53.132648,-27.767343,-26.385,38.249696,-333.615
../dataset/Meca500/image/image640.jpg,-69.718335,43.477217,-18.839307,0.0,65.36209,-519.718335
../dataset/Meca500/image/image484.jpg,-13.780151,62.136108,-4.976611,0.0,32.840503,-413.83387
../dataset/Meca500/image/image367.jpg,-76.322115,53.796488,-25.496216,0.0,61.699728,-526.322115
../dataset/Meca500/image/image208.jpg,-17.055656,62.802021,-7.692427,0.0,34.890406,-426.630036
../dataset/Meca500/image/image480.jpg,0.0,55.479945,6.029961,1.220314,22.643279,-361.220314
../dataset/Meca500/image/image729.jpg,41.998837,40.3569,-10.068731,0.0,59.711831,-408.001163
../dataset/Meca500/image/image370.jpg,-85.920631,68.79543,-35.171956,0.0,56.376526,-535.920631
../dataset/Meca500/image/image804.jpg,-65.205,2.402835,0.261106,24.795,62.541059,-515.205
../dataset/Meca500/image/image748.jpg,0.0,18.163345,1.974123,13.034098,7.413088,-373.034098
../dataset/Meca500/image/image110.jpg,-90.0,15.692134,-6.467736,0.0,80.775602,-180.0
../dataset/Meca500/image/image633.jpg,-48.731218,24.938335,-4.48318,0.0,69.544845,-498.731218
../dataset/Meca500/image/image697.jpg,89.726856,74.713689,-39.039038,0.273144,54.052205,-360.273144
../dataset/Meca500/image/image174.jpg,35.737984,54.695566,-15.263077,0.0,50.567511,-414.262016
../dataset/Meca500/image/image181.jpg,50.591136,20.678731,-2.94009,0.0,72.261359,-399.408864
../dataset/Meca500/image/image232.jpg,-86.669315,69.965347,-35.926664,0.0,55.961316,-536.669315
../dataset/Meca500/image/image711.jpg,90.0,5.731658,-0.972125,0.0,85.240468,-360.0
../dataset/Meca500/image/image130.jpg,4.125,3.445291,-1.800523,-85.875,2.480233,-274.125
../dataset/Meca500/image/image238.jpg,-90.0,50.373794,-25.603055,0.0,65.229261,-540.0
../dataset/Meca500/image/image519.jpg,-90.0,27.212685,-12.824105,0.0,75.611419,-540.0
../dataset/Meca500/image/image402.jpg,-9.225,0.339946,0.03694,80.775,8.848114,-459.225
../dataset/Meca500/image/image360.jpg,-54.264725,19.328921,-3.261366,0.0,73.932445,-504.264725
../dataset/Meca500/image/image783.jpg,-84.653627,66.81557,-33.894758,0.0,57.079189,-534.653627
../dataset/Meca500/image/image718.jpg,58.662755,36.393138,-10.035289,0.0,63.642152,-391.337245
../dataset/Meca500/image/image408.jpg,20.295,16.950831,-8.858575,69.705,12.202744,-429.705
../dataset/Meca500/image/image138.jpg,47.115,39.351485,-20.56525,-42.885,28.328765,-317.115
../dataset/Meca500/image/image596.jpg,49.656863,15.592881,-1.338511,0.99402,70.983045,-396.574572
../dataset/Meca500/image/image63.jpg,0.0,12.013905,1.305758,14.980903,4.903289,-14.980903
../dataset/Meca500/image/image363.jpg,-63.536891,33.817898,-12.608131,0.0,68.790232,-513.536891
../dataset/Meca500/image/image40.jpg,41.267386,54.754023,-15.805955,0.0,51.051931,-48.732614
../dataset/Meca500/image/image478.jpg,0.0,45.490855,4.944275,4.382686,18.566387,-364.382686
../dataset/Meca500/image/image810.jpg,-35.715,1.316114,0.143017,54.285,34.255869,-485.715
../dataset/Meca500/image/image605.jpg,4.664236,1.464629,-0.125725,17.113267,6.66739,-380.455325
../dataset/Meca500/image/image278.jpg,61.935,51.729475,-27.034039,28.065,37.239565,-388.065
../dataset/Meca500/image/image449.jpg,31.30331,64.911948,-18.96654,0.0,44.054593,-418.69669
../dataset/Meca500/image/image752.jpg,0.0,37.661568,4.093331,6.861301,15.370985,-366.861301
../dataset/Meca500/image/image485.jpg,-18.053661,63.004916,-8.519902,0.0,35.514986,-430.528868
../dataset/Meca500/image/image425.jpg,90.0,60.904298,-31.413173,0.0,60.508875,-360.0
../dataset/Meca500/image/image259.jpg,-32.055,1.181242,0.128361,57.945,30.745398,-482.055
../dataset/Meca500/image/image282.jpg,81.945,68.442267,-35.768214,8.055,49.270947,-368.055
../dataset/Meca500/image/image890.jpg,0.0,34.001902,3.695572,8.019888,13.877349,-368.019888
../dataset/Meca500/image/image255.jpg,-51.555,1.899826,0.206446,38.445,49.448728,-501.555
../dataset/Meca500/image/image701.jpg,90.0,55.714049,-28.549496,0.0,62.835447,-360.0
../dataset/Meca500/image/image263.jpg,-11.535,0.42507,0.046191,78.465,11.063739,-461.535
../dataset/Meca500/image/image190.jpg,11.65309,3.659217,-0.314112,14.609411,16.657755,-382.959181
../dataset/Meca500/image/image722.jpg,40.187281,55.894078,-16.164264,0.0,50.270186,-409.812719
../dataset/Meca500/image/image16.jpg,85.785,71.649519,-37.444338,0.000807,51.579818,-0.000807
../dataset/Meca500/image/image642.jpg,-76.110947,53.466512,-25.28335,0.0,61.816838,-526.110947
../dataset/Meca500/image/image357.jpg,-46.910593,29.107947,-5.993669,0.0,66.885723,-496.910593
../dataset/Meca500/image/image59.jpg,10.003361,3.141181,-0.269643,15.20045,14.299514,-22.368142
../dataset/Meca500/image/image659.jpg,-90.0,11.371928,-4.084098,0.0,82.71217,-540.0
../dataset/Meca500/image/image900.jpg,-20.177622,63.436719,-10.280939,0.0,36.84422,-438.826382
../dataset/Meca500/image/image677.jpg,-9.555,0.352106,0.038262,80.445,9.164632,-459.555
../dataset/Meca500/image/image997.jpg,57.071022,38.073219,-10.563324,0.0,62.490105,-392.928978
../dataset/Meca500/image/image641.jpg,-72.92424,48.486863,-22.071004,0.0,63.584141,-522.92424
../dataset/Meca500/image/image829.jpg,58.785,49.098525,-25.659094,31.215,35.345569,-391.215
../dataset/Meca500/image/image612.jpg,0.0,31.332145,3.405404,8.865086,12.787729,-368.865086
../dataset/Meca500/image/image448.jpg,35.127844,61.234336,-17.84266,0.0,46.608324,-414.872156
../dataset/Meca500/image/image941.jpg,-80.895,2.981019,0.323935,9.105,77.590047,-530.895
../dataset/Meca500/image/image10.jpg,54.795,45.76599,-23.917497,0.006744,32.946508,-0.006744
../dataset/Meca500/image/image439.jpg,78.218333,15.752142,-3.548005,0.0,77.795863,-371.781667
../dataset/Meca500/image/image982.jpg,90.0,42.063396,-21.017861,0.0,68.954465,-360.0
../dataset/Meca500/image/image943.jpg,-71.385,2.630571,0.285853,18.615,68.468576,-521.385
../dataset/Meca500/image/image380.jpg,-90.0,32.042917,-15.489145,0.0,73.446228,-540.0
../dataset/Meca500/image/image114.jpg,-81.885,3.017501,0.327899,-8.115,78.5396,-188.115
../dataset/Meca500/image/image203.jpg,0.0,54.340049,5.906069,1.581186,22.178048,-361.581186
../dataset/Meca500/image/image406.jpg,10.275,8.581906,-4.48494,79.725,6.178034,-439.725
../dataset/Meca500/image/image607.jpg,0.0,5.834468,0.634132,16.937205,2.381248,-376.937205
../dataset/Meca500/image/image802.jpg,-75.225,2.772076,0.30123,14.775,72.151694,-525.225
../dataset/Meca500/image/image111.jpg,-90.0,10.201872,-3.438529,0.0,83.236657,-180.0
../dataset/Meca500/image/image290.jpg,90.0,42.723428,-21.382028,0.0,68.658601,-360.0
../dataset/Meca500/image/image295.jpg,90.0,17.732232,-7.593343,0.0,79.861111,-360.0
../dataset/Meca500/image/image888.jpg,0.0,24.492768,2.662051,11.030313,9.996344,-371.030313
../dataset/Meca500/image/image907.jpg,-40.073428,44.76649,-11.666155,0.0,56.899666,-490.073428
../dataset/Meca500/image/image817.jpg,-1.215,0.046265,0.004126,88.78158,1.16803,-451.215
../dataset/Meca500/image/image713.jpg,82.794565,10.921909,-2.029905,0.0,81.107996,-367.205435
../dataset/Meca500/image/image586.jpg,31.277496,65.015673,-19.005945,0.0,43.990272,-418.722504
../dataset/Meca500/image/image805.jpg,-60.225,2.219319,0.241164,29.775,57.764516,-510.225
../dataset/Meca500/image/image619.jpg,-5.949647,60.544161,1.515887,0.0,27.939952,-383.243036
../dataset/Meca500/image/image235.jpg,-90.0,65.854534,-34.144425,0.0,58.289891,-540.0
../dataset/Meca500/image/image467.jpg,10.993199,3.452003,-0.296324,14.845827,15.714458,-382.722765
../dataset/Meca500/image/image811.jpg,-31.215,1.150287,0.124997,58.785,29.939716,-481.215
../dataset/Meca500/image/image573.jpg,90.0,6.061673,-1.154209,0.0,85.092535,-360.0
../dataset/Meca500/image/image940.jpg,-85.875,3.164534,0.343877,4.125,82.36659,-535.875
../dataset/Meca500/image/image23.jpg,90.0,43.893484,-22.027597,0.0,68.134113,0.0
../dataset/Meca500/image/image672.jpg,-34.545,1.272999,0.138331,55.455,33.133669,-484.545
../dataset/Meca500/image/image668.jpg,-54.045,1.991584,0.216417,35.955,51.836999,-504.045
../dataset/Meca500/image/image881.jpg,10.513277,3.301302,-0.283388,15.017765,15.028425,-382.550827
../dataset/Meca500/image/image882.jpg,5.504098,1.728356,-0.148364,16.812375,7.867948,-380.756217
../dataset/Meca500/image/image177.jpg,41.854758,40.686869,-10.188266,0.0,59.501397,-408.145242
../dataset/Meca500/image/image134.jpg,26.115,21.811823,-11.398949,-63.885,15.702127,-296.115
../dataset/Meca500/image/image312.jpg,34.140026,58.355225,-16.58883,0.0,48.233605,-415.859974
../dataset/Meca500/image/image307.jpg,47.264809,48.423718,-13.816395,0.0,55.392677,-402.735191
../dataset/Meca500/image/image427.jpg,90.0,50.403795,-25.619608,0.0,65.215812,-360.0
../dataset/Meca500/image/image472.jpg,0.0,14.983635,1.62853,14.040739,6.115338,-374.040739
../dataset/Meca500/image/image702.jpg,90.0,50.733811,-25.801691,0.0,65.06788,-360.0
../dataset/Meca500/image/image691.jpg,60.435,50.476642,-26.379304,29.565,36.337662,-389.565
../dataset/Meca500/image/image819.jpg,9.285,7.755036,-4.052814,80.715,5.582778,-440.715
../dataset/Meca500/image/image868.jpg,43.23005,37.537162,-9.047249,0.0,61.510087,-406.76995
../dataset/Meca500/image/image336.jpg,0.0,26.172615,2.844629,10.498503,10.681947,-370.498503
../dataset/Meca500/image/image186.jpg,31.659812,9.94158,-0.853397,7.441719,45.256783,-390.126873
../dataset/Meca500/image/image897.jpg,-7.382681,60.835498,0.327717,0.0,28.836785,-388.841358
../dataset/Meca500/image/image153.jpg,90.0,37.053156,-18.253503,0.0,71.200347,-360.0
../dataset/Meca500/image/image447.jpg,39.846196,56.254096,-16.277414,0.0,50.023318,-410.153804
../dataset/Meca500/image/image516.jpg,-90.0,41.703379,-20.819225,0.0,69.115846,-540.0
../dataset/Meca500/image/image175.jpg,37.925353,49.686032,-13.448316,0.0,53.762284,-412.074647
../dataset/Meca500/image/image225.jpg,-64.285575,34.987816,-13.362838,0.0,68.375023,-514.285575
../dataset/Meca500/image/image639.jpg,-66.512431,38.46757,-15.60761,0.0,67.14004,-516.512431
../dataset/Meca500/image/image858.jpg,51.698922,43.743492,-12.345441,0.0,58.601949,-398.301078
../dataset/Meca500/image/image244.jpg,-90.0,20.372358,-9.050011,0.0,78.677653,-540.0
../dataset/Meca500/image/image742.jpg,11.833061,3.71573,-0.318963,14.544934,16.915017,-383.023658
../dataset/Meca500/image/image904.jpg,-33.733987,59.285139,-16.925702,0.0,47.640563,-483.733987
../dataset/Meca500/image/image372.jpg,-90.0,71.044783,-37.008102,0.0,55.963319,-540.0
../dataset/Meca500/image/image892.jpg,0.0,43.990992,4.781259,4.857516,17.954241,-364.857516
../dataset/Meca500/image/image8.jpg,44.295,36.996159,-19.334347,0.008756,26.633188,-0.008756
../dataset/Meca500/image/image832.jpg,72.765,60.774929,-31.761231,17.235,43.751303,-377.235
../dataset/Meca500/image/image464.jpg,25.480824,8.0013,-0.686841,9.655429,36.424099,-387.913163
../dataset/Meca500/image/image218.jpg,-45.011381,33.457542,-7.56936,0.0,64.111818,-495.011381
../dataset/Meca500/image/image43.jpg,33.419635,60.005072,-17.186506,0.0,47.181434,-56.580365
../dataset/Meca500/image/image918.jpg,-68.854469,42.127312,-17.968491,0.0,65.841179,-518.854469
../dataset/Meca500/image/image108.jpg,-90.0,26.192637,-12.261301,0.0,76.068665,-180.0
../dataset/Meca500/image/image361.jpg,-57.451432,24.30857,-6.473712,0.0,72.165142,-507.451432
../dataset/Meca500/image/image861.jpg,37.48702,58.744216,-17.060037,0.0,48.315821,-412.51298
../dataset/Meca500/image/image737.jpg,36.818966,11.56162,-0.992463,5.593379,52.631644,-391.975213
../dataset/Meca500/image/image127.jpg,-12.375,0.456025,0.049554,-77.625,11.869421,-257.625
../dataset/Meca500/image/image461.jpg,40.478367,12.710718,-1.091103,4.282347,57.862651,-393.286245
../dataset/Meca500/image/image64.jpg,0.0,17.503405,1.902396,13.243024,7.143743,-13.243024
../dataset/Meca500/image/image299.jpg,85.182165,8.401787,-1.237853,0.0,82.836066,-364.817835
../dataset/Meca500/image/image458.jpg,51.311527,19.028884,-2.342414,0.0,73.313529,-398.688473
../dataset/Meca500/image/image392.jpg,-59.205,2.181732,0.23708,30.795,56.786188,-509.205
../dataset/Meca500/image/image393.jpg,-54.225,1.998217,0.217138,35.775,52.009646,-504.225
../dataset/Meca500/image/image649.jpg,-90.0,61.864343,-31.94287,0.0,60.078527,-540.0
../dataset/Meca500/image/image508.jpg,-85.824645,68.645441,-35.075198,0.0,56.429758,-535.824645
../dataset/Meca500/image/image926.jpg,-90.0,68.194646,-35.435563,0.0,57.240916,-540.0
../dataset/Meca500/image/image723.jpg,35.440506,60.90432,-17.738939,0.0,46.834619,-414.559494
../dataset/Meca500/image/image984.jpg,90.0,32.072918,-15.505698,0.0,73.43278,-360.0
../dataset/Meca500/image/image77.jpg,-23.171638,64.045405,-12.763365,0.0,38.71796,-90.522877
../dataset/Meca500/image/image565.jpg,90.0,46.053587,-23.219416,0.0,67.165829,-360.0
../dataset/Meca500/image/image550.jpg,43.605,36.419855,-19.033168,46.395,26.218313,-406.395
../dataset/Meca500/image/image399.jpg,-23.715,0.873909,0.094964,66.285,22.746127,-473.715
../dataset/Meca500/image/image598.jpg,39.668499,12.456409,-1.069273,4.572493,56.704969,-392.996099
../dataset/Meca500/image/image627.jpg,-35.6332,54.935543,-15.350011,0.0,50.414468,-485.6332
../dataset/Meca500/image/image978.jpg,90.0,62.074354,-32.058742,0.0,59.984388,-360.0
../dataset/Meca500/image/image503.jpg,-69.507168,43.14724,-18.626441,0.0,65.479201,-519.507168
../dataset/Meca500/image/image93.jpg,-70.46702,44.647134,-19.594015,0.0,64.946881,-160.46702
../dataset/Meca500/image/image966.jpg,42.615,35.592986,-18.601043,47.385,25.623057,-407.385
../dataset/Meca500/image/image585.jpg,35.269963,61.084329,-17.795514,0.0,46.711185,-414.730037
../dataset/Meca500/image/image491.jpg,-37.231158,51.275884,-14.024258,0.0,52.748374,-487.231158
../dataset/Meca500/image/image252.jpg,-67.545,2.489065,0.270476,22.455,64.785459,-517.545
../dataset/Meca500/image/image486.jpg,-21.892144,63.785283,-11.702499,0.0,37.917217,-445.524375
../dataset/Meca500/image/image877.jpg,30.010082,9.423544,-0.808928,8.032758,42.898542,-389.535834
../dataset/Meca500/image/image671.jpg,-39.045,1.438827,0.156351,50.955,37.449822,-489.045
../dataset/Meca500/image/image169.jpg,44.763514,51.063845,-14.646164,0.0,53.582319,-405.236486
../dataset/Meca500/image/image689.jpg,50.445,42.132774,-22.018763,39.555,30.33099,-399.555
../dataset/Meca500/image/image482.jpg,-4.823693,60.315254,2.449449,0.0,27.235298,-378.844354
../dataset/Meca500/image/image201.jpg,0.0,44.320962,4.817122,4.753054,18.088913,-364.753054
../dataset/Meca500/image/image791.jpg,-90.0,43.023442,-21.547559,0.0,68.524117,-540.0
../dataset/Meca500/image/image158.jpg,90.0,10.051864,-3.355764,0.0,83.303899,-360.0
../dataset/Meca500/image/image630.jpg,-42.182209,39.936939,-9.916596,0.0,59.979657,-492.182209
../dataset/Meca500/image/image241.jpg,-90.0,35.373076,-17.326533,0.0,71.953457,-540.0
../dataset/Meca500/image/image344.jpg,-6.256726,60.606591,1.261279,0.0,28.13213,-384.442676
../dataset/Meca500/image/image615.jpg,0.0,45.820825,4.980138,4.278223,18.701059,-364.278223
../dataset/Meca500/image/image385.jpg,-90.0,7.531744,-1.965308,0.0,84.433564,-540.0
../dataset/Meca500/image/image845.jpg,90.0,27.902718,-13.204825,0.0,75.302106,-360.0
../dataset/Meca500/image/image452.jpg,38.213509,49.026093,-13.209245,0.0,54.183152,-411.786491
../dataset/Meca500/image/image217.jpg,-42.83711,38.437078,-9.373254,0.0,60.936175,-492.83711
../dataset/Meca500/image/image176.jpg,39.890056,45.18645,-11.818291,0.0,56.631841,-410.109944
../dataset/Meca500/image/image437.jpg,87.228679,6.241683,-0.558952,0.0,84.317268,-362.771321
../dataset/Meca500/image/image126.jpg,-17.385,0.640645,0.069616,-72.615,16.674738,-252.615
../dataset/Meca500/image/image574.jpg,87.854003,5.581651,-0.351509,0.0,84.769858,-362.145997
../dataset/Meca500/image/image314.jpg,38.292098,48.84611,-13.144045,0.0,54.297935,-411.707902
../dataset/Meca500/image/image229.jpg,-77.070799,54.966406,-26.250924,0.0,61.284518,-527.070799
../dataset/Meca500/image/image119.jpg,-55.395,2.041332,0.221823,-34.605,53.131845,-214.605
../dataset/Meca500/image/image589.jpg,38.148019,49.176079,-13.26358,0.0,54.0875,-411.851981
../dataset/Meca500/image/image301.jpg,75.688614,18.422271,-4.387203,0.0,75.964933,-374.311386
../dataset/Meca500/image/image743.jpg,6.823882,2.142785,-0.183939,16.339544,9.754541,-381.229048
../dataset/Meca500/image/image705.jpg,90.0,35.733093,-17.525169,0.0,71.792076,-360.0
../dataset/Meca500/image/image950.jpg,-37.395,1.378023,0.149744,52.605,35.867233,-487.395
../dataset/Meca500/image/image983.jpg,90.0,37.563181,-18.534905,0.0,70.971724,-360.0
../dataset/Meca500/image/image540.jpg,-6.375,0.234922,0.025528,83.625,6.11455,-456.375
../dataset/Meca500/image/image457.jpg,49.137256,24.008421,-4.146308,0.0,70.137887,-400.862744
../dataset/Meca500/image/image18.jpg,90.0,68.374655,-35.534881,0.0,57.160226,0.0
../dataset/Meca500/image/image921.jpg,-78.779335,57.636218,-27.973205,0.0,60.336988,-528.779335
../dataset/Meca500/image/image120.jpg,-49.395,1.820229,0.197797,-40.605,47.376975,-220.605
../dataset/Meca500/image/image310.jpg,33.536111,62.914417,-18.370695,0.0,45.456278,-416.463889
../dataset/Meca500/image/image537.jpg,-21.885,0.806472,0.087636,68.115,20.990892,-471.885
../dataset/Meca500/image/image12.jpg,64.785,54.109857,-28.278037,0.00483,38.95318,-0.00483
../dataset/Meca500/image/image256.jpg,-46.545,1.715205,0.186384,43.455,44.643411,-496.545
../dataset/Meca500/image/image894.jpg,0.0,53.500125,5.81478,1.847091,21.835247,-361.847091
../dataset/Meca500/image/image611.jpg,0.0,26.322602,2.86093,10.45102,10.743162,-370.45102
../dataset/Meca500/image/image318.jpg,47.670278,27.368109,-5.363393,0.0,67.995285,-402.329722
../dataset/Meca500/image/image529.jpg,-62.895,2.31771,0.251856,27.105,60.325434,-512.895
../dataset/Meca500/image/image47.jpg,42.588247,39.007025,-9.579724,0.0,60.572698,-47.411753
../dataset/Meca500/image/image165.jpg,63.210564,31.592906,-8.526619,0.0,66.933712,-386.789436
../dataset/Meca500/image/image523.jpg,-90.0,7.201728,-1.783225,0.0,84.581497,-540.0
../dataset/Meca500/image/image626.jpg,-33.445831,59.945077,-17.164772,0.0,47.219695,-483.445831
../dataset/Meca500/image/image923.jpg,-84.864794,67.145546,-34.107624,0.0,56.962078,-534.864794
../dataset/Meca500/image/image154.jpg,90.0,31.562894,-15.224296,0.0,73.661402,-360.0
../dataset/Meca500/image/image704.jpg,90.0,40.233308,-20.008126,0.0,69.774817,-360.0
../dataset/Meca500/image/image292.jpg,90.0,32.73295,-15.869865,0.0,73.136915,-360.0
../dataset/Meca500/image/image274.jpg,42.435,35.442646,-18.522474,47.565,25.514829,-407.565
../dataset/Meca500/image/image866.jpg,38.86841,47.526233,-12.665904,0.0,55.139671,-411.13159
../dataset/Meca500/image/image5.jpg,27.795,23.214996,-12.132254,0.011917,16.712258,-0.011917
../dataset/Meca500/image/image374.jpg,-90.0,61.024303,-31.479385,0.0,60.455082,-540.0
../dataset/Meca500/image/image288.jpg,90.0,53.22393,-27.175594,0.0,63.951664,-360.0
../dataset/Meca500/image/image207.jpg,-12.782146,61.933213,-4.149136,0.0,32.215923,-409.935038
../dataset/Meca500/image/image182.jpg,51.15541,16.064399,-1.379219,0.457013,73.125164,-397.111946
../dataset/Meca500/image/image548.jpg,33.105,27.650024,-14.450018,56.895,19.904994,-416.895
../dataset/Meca500/image/image963.jpg,27.615,23.064656,-12.053685,62.385,16.60403,-422.385
../dataset/Meca500/image/image871.jpg,49.569491,23.018513,-3.787703,0.0,70.769189,-400.430509
../dataset/Meca500/image/image629.jpg,-39.99484,44.946473,-11.731356,0.0,56.784884,-489.99484
../dataset/Meca500/image/image440.jpg,73.499981,20.732382,-5.113251,0.0,74.380869,-376.500019
../dataset/Meca500/image/image720.jpg,49.169204,46.413621,-13.184639,0.0,56.771018,-400.830796
../dataset/Meca500/image/image359.jpg,-51.272233,19.118876,-2.375014,0.0,73.256138,-501.272233
../dataset/Meca500/image/image157.jpg,90.0,15.542127,-6.384971,0.0,80.842844,-360.0
../dataset/Meca500/image/image603.jpg,14.652599,4.601101,-0.394964,13.534795,20.945465,-384.033798
../dataset/Meca500/image/image770.jpg,-45.600792,32.107667,-7.080352,0.0,64.972685,-495.600792
../dataset/Meca500/image/image667.jpg,-59.055,2.176204,0.236479,30.945,56.642317,-509.055
../dataset/Meca500/image/image335.jpg,0.0,21.163072,2.300155,12.084437,8.63738,-372.084437
../dataset/Meca500/image/image521.jpg,-90.0,17.192206,-7.295388,0.0,80.103182,-540.0
../dataset/Meca500/image/image404.jpg,0.795,0.686627,-0.35823,89.153112,0.518492,-449.205
../dataset/Meca500/image/image563.jpg,90.0,55.564042,-28.466731,0.0,62.902689,-360.0
../dataset/Meca500/image/image809.jpg,-40.725,1.500735,0.163079,49.275,39.061186,-490.725
../dataset/Meca500/image/image280.jpg,71.955,60.098399,-31.407674,18.045,43.264275,-378.045
../dataset/Meca500/image/image578.jpg,68.923748,25.562615,-6.631351,0.0,71.068736,-381.076252
../dataset/Meca500/image/image205.jpg,-4.260715,60.2008,2.916229,0.0,26.88297,-376.645013
../dataset/Meca500/image/image789.jpg,-90.0,53.523944,-27.341124,0.0,63.81718,-540.0
../dataset/Meca500/image/image189.jpg,17.172186,5.392283,-0.46288,12.632117,24.547142,-384.936475
../dataset/Meca500/image/image454.jpg,42.365581,39.516978,-9.76446,0.0,60.247482,-407.634419
../dataset/Meca500/image/image369.jpg,-82.733923,63.815781,-31.95961,0.0,58.143829,-532.733923
../dataset/Meca500/image/image512.jpg,-90.0,61.684335,-31.843552,0.0,60.159217,-540.0
../dataset/Meca500/image/image180.jpg,48.626434,25.178312,-4.570114,0.0,69.391802,-401.373566
../dataset/Meca500/image/image86.jpg,-48.141807,26.288209,-4.972187,0.0,68.683978,-138.141807
../dataset/Meca500/image/image137.jpg,41.625,34.766116,-18.168917,-48.375,25.027801,-311.625
../dataset/Meca500/image/image354.jpg,-40.361584,44.106551,-11.427085,0.0,57.320534,-490.361584
../dataset/Meca500/image/image726.jpg,35.449828,55.355504,-15.502147,0.0,50.146643,-414.550172
../dataset/Meca500/image/image323.jpg,38.828637,12.192682,-1.046634,4.873386,55.50441,-392.695206
../dataset/Meca500/image/image914.jpg,-56.069246,22.148722,-5.080405,0.0,72.931683,-506.069246
../dataset/Meca500/image/image490.jpg,-35.043789,56.285418,-15.839019,0.0,49.553601,-485.043789
../dataset/Meca500/image/image954.jpg,-17.895,0.659439,0.071658,72.105,17.163902,-467.895
../dataset/Meca500/image/image343.jpg,-1.983216,59.737783,4.80457,0.0,25.457647,-367.747679
../dataset/Meca500/image/image990.jpg,89.247338,4.140382,0.094488,0.0,85.76513,-360.752662
../dataset/Meca500/image/image725.jpg,33.485125,59.855085,-17.132172,0.0,47.277086,-416.514875
../dataset/Meca500/image/image808.jpg,-45.705,1.684251,0.18302,44.295,43.837729,-495.705
../dataset/Meca500/image/image188.jpg,22.15137,6.955809,-0.597095,10.848253,31.664741,-386.720339
../dataset/Meca500/image/image559.jpg,89.51955,74.663243,-39.016249,0.48045,53.872557,-360.48045
../dataset/Meca500/image/image724.jpg,31.272046,65.078901,-19.030931,0.0,43.95203,-418.727954
../dataset/Meca500/image/image969.jpg,58.095,48.522222,-25.357916,31.905,34.930694,-391.905
../dataset/Meca500/image/image855.jpg,65.42762,29.252793,-7.791142,0.0,68.538348,-384.57238
../dataset/Meca500/image/image173.jpg,33.563713,59.675102,-17.066971,0.0,47.391868,-416.436287
../dataset/Meca500/image/image148.jpg,90.0,64.054448,-33.151243,0.0,59.096794,-360.0
../dataset/Meca500/image/image839.jpg,90.0,57.39413,-29.476467,0.0,62.082337,-360.0
../dataset/Meca500/image/image622.jpg,-18.744588,63.145382,-9.09277,0.0,35.947388,-433.228059
../dataset/Meca500/image/image152.jpg,90.0,42.063396,-21.017861,0.0,68.954465,-360.0
../dataset/Meca500/image/image717.jpg,63.381106,31.412897,-8.470043,0.0,67.057146,-386.618894
../dataset/Meca500/image/image308.jpg,43.001238,52.923935,-15.230774,0.0,52.306839,-406.998762
../dataset/Meca500/image/image879.jpg,19.991724,6.277653,-0.538881,11.621977,28.577589,-385.946615
../dataset/Meca500/image/image538.jpg,-16.395,0.604163,0.065652,73.605,15.725185,-466.395
../dataset/Meca500/image/image655.jpg,-90.0,31.352884,-15.108425,0.0,73.755541,-540.0
../dataset/Meca500/image/image735.jpg,46.327408,14.54739,-1.248765,2.186845,66.223686,-395.381747
../dataset/Meca500/image/image253.jpg,-62.055,2.286756,0.248492,27.945,59.519752,-512.055
../dataset/Meca500/image/image142.jpg,68.625,57.31711,-29.954161,-21.375,41.262051,-338.625
../dataset/Meca500/image/image787.jpg,-90.0,63.544424,-32.869841,0.0,59.325417,-540.0
../dataset/Meca500/image/image995.jpg,66.536149,28.082737,-7.423403,0.0,69.340666,-383.463851
../dataset/Meca500/image/image212.jpg,-32.136029,62.944798,-18.251455,0.0,45.306657,-482.136029
../dataset/Meca500/image/image428.jpg,90.0,45.393555,-22.855249,0.0,67.461694,-360.0
../dataset/Meca500/image/image545.jpg,18.615,15.547658,-8.125271,71.385,11.192613,-431.385
../dataset/Meca500/image/image195.jpg,0.0,13.843739,1.504637,14.40161,5.650107,-374.40161
../dataset/Meca500/image/image219.jpg,-47.19875,28.448008,-5.754599,0.0,67.306591,-497.19875
../dataset/Meca500/image/image657.jpg,-90.0,21.362406,-9.596261,0.0,78.233856,-540.0
../dataset/Meca500/image/image869.jpg,45.194753,33.037581,-7.417224,0.0,64.379643,-404.805247
../dataset/Meca500/image/image26.jpg,90.0,27.902718,-13.204825,0.0,75.302106,0.0
../dataset/Meca500/image/image820.jpg,14.265,11.914442,-6.226537,75.735,8.577095,-435.735
../dataset/Meca500/image/image268.jpg,13.455,11.237912,-5.87298,76.545,8.090068,-436.545
../dataset/Meca500/image/image122.jpg,-38.895,1.433299,0.155751,-51.105,37.30595,-231.105
../dataset/Meca500/image/image873.jpg,48.996971,15.385667,-1.320724,1.230436,70.039748,-396.338156
../dataset/Meca500/image/image129.jpg,-1.395,0.05148,0.00555,-88.604832,1.338139,-268.605
../dataset/Meca500/image/image681.jpg,10.455,8.732246,-4.563508,79.545,6.286262,-439.545
../dataset/Meca500/image/image123.jpg,-33.375,1.229884,0.133646,-56.625,32.011469,-236.625
../dataset/Meca500/image/image211.jpg,-29.415569,65.3148,-17.940389,0.0,42.625589,-474.915569
../dataset/Meca500/image/image828.jpg,53.775,44.914063,-23.472277,36.225,32.333214,-396.225
../dataset/Meca500/image/image755.jpg,0.0,52.660202,5.723491,2.112996,21.492445,-362.112996
../dataset/Meca500/image/image583.jpg,44.763514,51.063845,-14.646164,0.0,53.582319,-405.236486
../dataset/Meca500/image/image786.jpg,-90.0,68.524662,-35.617646,0.0,57.092984,-540.0
../dataset/Meca500/image/image644.jpg,-82.522756,63.485805,-31.746744,0.0,58.260939,-532.522756
../dataset/Meca500/image/image616.jpg,0.0,51.820278,5.632202,2.378901,21.149643,-362.378901
../dataset/Meca500/image/image468.jpg,6.014014,1.888476,-0.162109,16.62969,8.596859,-380.938902
../dataset/Meca500/image/image606.jpg,0.022766,0.854842,0.09152,18.507775,0.378516,-378.524088
../dataset/Meca500/image/image474.jpg,0.0,25.002722,2.717476,10.868871,10.204473,-370.868871
../dataset/Meca500/image/image429.jpg,90.0,40.89334,-20.372293,0.0,69.478953,-360.0
../dataset/Meca500/image/image682.jpg,15.435,12.891652,-6.737231,74.565,9.280579,-434.565
../dataset/Meca500/image/image917.jpg,-65.667762,37.147663,-14.756145,0.0,67.608482,-515.667762
../dataset/Meca500/image/image751.jpg,0.0,32.652025,3.548858,8.447235,13.326418,-368.447235
../dataset/Meca500/image/image327.jpg,18.821916,5.910319,-0.507349,12.041078,26.905382,-385.527514
../dataset/Meca500/image/image489.jpg,-32.869518,61.264954,-17.642913,0.0,46.377958,-482.869518
../dataset/Meca500/image/image825.jpg,39.285,32.811696,-17.147529,50.715,23.620833,-410.715
../dataset/Meca500/image/image788.jpg,-90.0,59.044209,-30.386884,0.0,61.342676,-540.0
../dataset/Meca500/image/image116.jpg,-71.385,2.630571,0.285853,-18.615,68.468576,-198.615
../dataset/Meca500/image/image878.jpg,25.000903,7.850599,-0.673905,9.827368,35.738066,-387.741224
../dataset/Meca500/image/image662.jpg,-83.535,3.078304,0.334506,6.465,80.12219,-533.535
../dataset/Meca500/image/image128.jpg,-6.885,0.253715,0.02757,-83.115,6.603714,-263.115
../dataset/Meca500/image/image68.jpg,0.0,39.011445,4.240046,6.433954,15.921917,-6.433954
../dataset/Meca500/image/image688.jpg,45.945,38.374275,-20.054556,44.055,27.625281,-404.055
../dataset/Meca500/image/image162.jpg,77.422466,16.592183,-3.812023,0.0,77.21984,-372.577534
../dataset/Meca500/image/image215.jpg,-38.685038,47.946194,-12.81804,0.0,54.871846,-488.685038
../dataset/Meca500/image/image684.jpg,25.455,21.260576,-11.110866,64.545,15.30529,-424.545
../dataset/Meca500/image/image769.jpg,-43.190756,37.627154,-9.07985,0.0,61.452696,-493.190756
../dataset/Meca500/image/image806.jpg,-55.215,2.034699,0.221102,34.785,52.959199,-505.215
../dataset/Meca500/image/image104.jpg,-90.0,47.703666,-24.129834,0.0,66.426168,-180.0
../dataset/Meca500/image/image99.jpg,-89.947458,74.54074,-38.929302,0.0,54.388563,-179.947458
../dataset/Meca500/image/image476.jpg,0.0,34.991812,3.803163,7.7065,14.281365,-367.7065
../dataset/Meca500/image/image88.jpg,-53.19016,17.653659,-2.18001,0.0,74.526351,-143.19016
../dataset/Meca500/image/image321.jpg,48.817,15.329154,-1.315873,1.294913,69.782486,-396.273679
../dataset/Meca500/image/image460.jpg,44.977629,14.123543,-1.212382,2.670422,64.294216,-394.89817
../dataset/Meca500/image/image798.jpg,-90.0,8.041768,-2.24671,0.0,84.204942,-540.0
../dataset/Meca500/image/image199.jpg,0.0,33.821918,3.67601,8.076867,13.803892,-368.076867
../dataset/Meca500/image/image889.jpg,0.0,29.502312,3.206524,9.444379,12.040911,-369.444379
../dataset/Meca500/image/image504.jpg,-72.713072,48.156886,-21.858138,0.0,63.701251,-522.713072
../dataset/Meca500/image/image339.jpg,0.0,41.651205,4.526954,5.598252,16.999293,-365.598252
../dataset/Meca500/image/image78.jpg,-27.854586,64.997451,-16.646133,0.0,41.648682,-108.817396
../dataset/Meca500/image/image350.jpg,-31.625206,64.114689,-18.675262,0.0,44.560573,-481.625206
../dataset/Meca500/image/image774.jpg,-55.205379,20.798817,-4.209589,0.0,73.410771,-505.205379
../dataset/Meca500/image/image964.jpg,32.625,27.249118,-14.240503,57.375,19.616385,-417.375
../dataset/Meca500/image/image121.jpg,-44.385,1.635608,0.177735,-45.615,42.571657,-225.615
../dataset/Meca500/image/image67.jpg,0.0,34.001902,3.695572,8.019888,13.877349,-8.019888
../dataset/Meca500/image/image929.jpg,-90.0,53.703953,-27.440442,0.0,63.736489,-540.0
../dataset/Meca500/image/image772.jpg,-49.962432,22.118597,-3.461698,0.0,71.343101,-499.962432
../dataset/Meca500/image/image744.jpg,1.844698,0.579258,-0.049724,18.123407,2.636942,-379.445185
../dataset/Meca500/image/image875.jpg,39.488529,12.399896,-1.064422,4.63697,56.447707,-392.931622
../dataset/Meca500/image/image351.jpg,-33.812575,59.105155,-16.860501,0.0,47.755346,-483.812575
../dataset/Meca500/image/image395.jpg,-43.725,1.611287,0.175092,46.275,41.938622,-493.725
../dataset/Meca500/image/image305.jpg,56.275155,38.913259,-10.827341,0.0,61.914082,-393.724845
../dataset/Meca500/image/image708.jpg,90.0,20.732375,-9.248647,0.0,78.516272,-360.0
../dataset/Meca500/image/image501.jpg,-62.788207,32.647981,-11.853423,0.0,69.205442,-512.788207
../dataset/Meca500/image/image854.jpg,70.174396,24.242552,-6.216467,0.0,71.973915,-379.825604
../dataset/Meca500/image/image799.jpg,-89.84649,3.689413,0.15093,0.15351,86.006147,-539.84649
../dataset/Meca500/image/image213.jpg,-34.323398,57.935264,-16.436694,0.0,48.50143,-484.323398
../dataset/Meca500/image/image974.jpg,82.605,68.993513,-36.056298,7.395,49.667785,-367.395
../dataset/Meca500/image/image187.jpg,26.650633,8.368635,-0.718374,9.236329,38.096306,-388.332263
../dataset/Meca500/image/image413.jpg,44.775,37.397065,-19.543862,45.225,26.921797,-405.225
../dataset/Meca500/image/image759.jpg,-10.939674,61.558637,-2.621489,0.0,31.062852,-402.737195
../dataset/Meca500/image/image325.jpg,28.840274,9.05621,-0.777396,8.451859,41.226335,-389.116733
../dataset/Meca500/image/image911.jpg,-48.58714,25.268304,-4.602715,0.0,69.334411,-498.58714
../dataset/Meca500/image/image329.jpg,8.833552,2.773847,-0.23811,15.61955,12.627307,-381.949042
../dataset/Meca500/image/image528.jpg,-68.385,2.520019,0.27384,21.615,65.591141,-518.385
../dataset/Meca500/image/image143.jpg,74.115,61.902479,-32.350494,-15.885,44.563015,-344.115
../dataset/Meca500/image/image237.jpg,-90.0,55.864056,-28.632262,0.0,62.768205,-540.0
../dataset/Meca500/image/image595.jpg,51.455606,18.698915,-2.222879,0.0,73.523964,-398.544394
../dataset/Meca500/image/image405.jpg,5.775,4.823407,-2.520733,84.225,3.472326,-444.225
../dataset/Meca500/image/image695.jpg,79.935,66.763471,-34.890868,10.065,48.062398,-370.065
../dataset/Meca500/image/image161.jpg,82.169242,11.581941,-2.237348,0.0,80.655407,-367.830758
../dataset/Meca500/image/image200.jpg,0.0,39.341415,4.275909,6.329491,16.056589,-366.329491
../dataset/Meca500/image/image599.jpg,34.65932,10.883464,-0.934249,6.367103,49.544493,-391.201489
../dataset/Meca500/image/image2.jpg,10.785,9.007869,-4.70755,0.015175,6.484681,-0.015175
../dataset/Meca500/image/image21.jpg,90.0,53.373937,-27.258359,0.0,63.884422,0.0
../dataset/Meca500/image/image650.jpg,-90.0,56.854104,-29.178512,0.0,62.324408,-540.0
../dataset/Meca500/image/image971.jpg,68.115,56.891147,-29.731551,21.885,40.955404,-381.885
../dataset/Meca500/image/image687.jpg,40.935,34.189813,-17.867739,49.065,24.612926,-409.065
../dataset/Meca500/image/image430.jpg,90.0,35.403077,-17.343086,0.0,71.940008,-360.0
../dataset/Meca500/image/image905.jpg,-35.921356,54.275605,-15.110941,0.0,50.835336,-485.921356
../dataset/Meca500/image/image36.jpg,61.16405,33.75301,-9.20552,0.0,65.45251,-28.83595
../dataset/Meca500/image/image847.jpg,90.0,17.882239,-7.676108,0.0,79.793869,-360.0
../dataset/Meca500/image/image35.jpg,66.39403,28.232744,-7.470549,0.0,69.237805,-23.60597
../dataset/Meca500/image/image202.jpg,0.0,49.330505,5.361595,3.16712,20.133481,-363.16712
../dataset/Meca500/image/image386.jpg,-89.179056,3.312235,0.342792,0.820944,85.524029,-539.179056
../dataset/Meca500/image/image222.jpg,-54.687059,19.988874,-3.687099,0.0,73.698224,-504.687059
../dataset/Meca500/image/image784.jpg,-87.840334,71.795218,-37.107104,0.0,55.311886,-537.840334
../dataset/Meca500/image/image562.jpg,90.0,61.054305,-31.495938,0.0,60.441633,-360.0
../dataset/Meca500/image/image581.jpg,54.228641,41.073364,-11.506243,0.0,60.43288,-395.771359
../dataset/Meca500/image/image384.jpg,-90.0,12.541984,-4.729666,0.0,82.187683,-540.0
../dataset/Meca500/image/image683.jpg,20.445,17.076114,-8.924048,69.555,12.292935,-429.555
../dataset/Meca500/image/image895.jpg,-0.016946,58.463252,6.339784,0.276942,23.870069,-360.343142
../dataset/Meca500/image/image785.jpg,-90.0,73.534902,-38.382004,0.0,54.847102,-540.0
../dataset/Meca500/image/image800.jpg,-84.705,3.121419,0.339191,5.295,81.24439,-534.705
../dataset/Meca500/image/image957.jpg,-2.895,0.106682,0.011593,87.105,2.776725,-452.895
../dataset/Meca500/image/image465.jpg,20.50164,6.437774,-0.552626,11.439292,29.3065,-386.1293
../dataset/Meca500/image/image510.jpg,-90.0,71.704814,-37.372269,0.0,55.667454,-540.0
../dataset/Meca500/image/image731.jpg,46.360477,30.367829,-6.450076,0.0,66.082247,-403.639523
../dataset/Meca500/image/image246.jpg,-90.0,10.861903,-3.802696,0.0,82.940793,-540.0
../dataset/Meca500/image/image836.jpg,90.0,72.394847,-37.752989,0.0,55.358141,-360.0
../dataset/Meca500/image/image87.jpg,-50.551842,20.768723,-2.97269,0.0,72.203968,-140.551842
../dataset/Meca500/image/image34.jpg,71.595586,22.742479,-5.745007,0.0,73.002528,-18.404414
../dataset/Meca500/image/image31.jpg,86.745474,6.751708,-0.719248,0.0,83.96754,-3.254526
../dataset/Meca500/image/image793.jpg,-90.0,33.032964,-16.035395,0.0,73.002431,-540.0
../dataset/Meca500/image/image953.jpg,-22.875,0.842954,0.0916,67.125,21.940445,-472.875
../dataset/Meca500/image/image942.jpg,-76.395,2.815191,0.305915,13.605,73.273894,-526.395
../dataset/Meca500/image/image473.jpg,0.0,19.993178,2.173003,12.454805,8.159906,-372.454805
../dataset/Meca500/image/image239.jpg,-90.0,45.363554,-22.838696,0.0,67.475142,-540.0
../dataset/Meca500/image/image946.jpg,-56.895,2.096607,0.227829,33.105,54.570563,-506.895
../dataset/Meca500/image/image245.jpg,-90.0,15.362118,-6.285652,0.0,80.923534,-540.0
../dataset/Meca500/image/image797.jpg,-90.0,13.022006,-4.994515,0.0,81.972509,-540.0
../dataset/Meca500/image/image248.jpg,-88.035,3.244131,0.352526,1.965,84.438343,-538.035
../dataset/Meca500/image/image214.jpg,-36.510767,52.92573,-14.621934,0.0,51.696203,-486.510767
../dataset/Meca500/image/image166.jpg,58.975417,36.063122,-9.931568,0.0,63.868446,-391.024583
../dataset/Meca500/image/image715.jpg,72.874657,21.392414,-5.320693,0.0,73.928279,-377.125343
../dataset/Meca500/image/image634.jpg,-50.905489,19.958798,-2.679286,0.0,72.720488,-500.905489
../dataset/Meca500/image/image597.jpg,44.647684,14.019936,-1.203488,2.78863,63.822568,-394.779962
../dataset/Meca500/image/image112.jpg,-90.0,5.191632,-0.674171,0.0,85.482539,-180.0
../dataset/Meca500/image/image736.jpg,41.828146,13.134565,-1.127487,3.798769,59.792121,-393.769823
../dataset/Meca500/image/image660.jpg,-90.0,6.361688,-1.319739,0.0,84.958051,-540.0
../dataset/Meca500/image/image451.jpg,35.593906,55.025535,-15.382612,0.0,50.357077,-414.406094
../dataset/Meca500/image/image690.jpg,55.935,46.718143,-24.415096,34.065,33.631954,-394.065
../dataset/Meca500/image/image418.jpg,69.285,57.868356,-30.242244,20.715,41.658888,-380.715
../dataset/Meca500/image/image821.jpg,19.275,16.098904,-8.413354,70.725,11.58945,-430.725
../dataset/Meca500/image/image167.jpg,54.228641,41.073364,-11.506243,0.0,60.43288,-395.771359
../dataset/Meca500/image/image45.jpg,38.003941,49.506048,-13.383115,0.0,53.877066,-51.996059
../dataset/Meca500/image/image80.jpg,-34.17932,58.265233,-16.55623,0.0,48.290996,-124.17932
../dataset/Meca500/image/image276.jpg,51.945,43.385607,-22.673499,38.055,31.232892,-398.055
../dataset/Meca500/image/image345.jpg,-10.095208,61.386957,-1.921318,0.0,30.534361,-399.438183
../dataset/Meca500/image/image919.jpg,-72.060373,47.136958,-21.200188,0.0,64.063229,-522.060373
../dataset/Meca500/image/image505.jpg,-75.592627,52.656569,-24.76086,0.0,62.104291,-525.592627
../dataset/Meca500/image/image815.jpg,-11.235,0.414015,0.044989,78.765,10.775996,-461.235
../dataset/Meca500/image/image136.jpg,36.615,30.581654,-15.9821,-53.385,22.015446,-306.615
../dataset/Meca500/image/image13.jpg,70.275,58.695226,-30.67437,0.003779,42.254144,-0.003779
../dataset/Meca500/image/image171.jpg,34.815182,61.564352,-17.946381,0.0,46.382029,-415.184818
../dataset/Meca500/image/image254.jpg,-56.535,2.083341,0.226388,33.465,54.225271,-506.535
../dataset/Meca500/image/image549.jpg,38.115,31.834487,-16.636836,51.885,22.917349,-411.885
../dataset/Meca500/image/image25.jpg,90.0,32.882957,-15.95263,0.0,73.069673,0.0
../dataset/Meca500/image/image313.jpg,36.327395,53.345691,-14.774069,0.0,51.428378,-413.672605
../dataset/Meca500/image/image680.jpg,5.445,4.547784,-2.376691,84.555,3.273907,-444.555
../dataset/Meca500/image/image853.jpg,74.921171,19.23231,-4.641792,0.0,75.409482,-375.078829
../dataset/Meca500/image/image27.jpg,90.0,22.892479,-10.440466,0.0,77.547988,0.0
../dataset/Meca500/image/image965.jpg,37.605,31.408523,-16.414225,52.395,22.610702,-412.395
../dataset/Meca500/image/image419.jpg,74.265,62.027762,-32.415967,15.735,44.653205,-375.735
../dataset/Meca500/image/image551.jpg,48.615,40.604318,-21.219986,41.385,29.230668,-401.385
../dataset/Meca500/image/image191.jpg,6.673906,2.095691,-0.179897,16.393274,9.540155,-381.175318
../dataset/Meca500/image/image230.jpg,-80.276703,59.976052,-29.482621,0.0,59.506568,-530.276703
../dataset/Meca500/image/image331.jpg,0.003036,1.158884,0.12577,18.416628,0.476931,-378.418803
../dataset/Meca500/image/image296.jpg,90.0,12.721992,-4.828985,0.0,82.106992,-360.0
../dataset/Meca500/image/image37.jpg,56.445698,38.733251,-10.770766,0.0,62.037516,-33.554302
../dataset/Meca500/image/image293.jpg,90.0,27.72271,-13.105506,0.0,75.382797,-360.0
../dataset/Meca500/image/image698.jpg,90.0,70.234744,-36.56117,0.0,56.326426,-360.0
../dataset/Meca500/image/image592.jpg,44.474362,34.687427,-8.0149,0.0,63.327473,-405.525638
../dataset/Meca500/image/image216.jpg,-40.872407,42.93666,-11.003279,0.0,58.066619,-490.872407
../dataset/Meca500/image/image85.jpg,-45.74487,31.777698,-6.960817,0.0,65.183119,-135.74487
../dataset/Meca500/image/image497.jpg,-50.761411,20.288767,-2.798821,0.0,72.510054,-500.761411
../dataset/Meca500/image/image55.jpg,31.479841,9.885067,-0.848546,7.506196,44.99952,-30.062396
../dataset/Meca500/image/image371.jpg,-89.12642,73.804716,-38.403438,0.0,54.598721,-539.12642
../dataset/Meca500/image/image560.jpg,90.0,71.044783,-37.008102,0.0,55.963319,-360.0
../dataset/Meca500/image/image61.jpg,0.008975,1.016702,0.109954,18.460103,0.42663,-18.466533
../dataset/Meca500/image/image475.jpg,0.0,29.982268,3.258689,9.292434,12.236798,-369.292434
../dataset/Meca500/image/image834.jpg,83.265,69.54476,-36.344382,6.735,50.064622,-366.735
../dataset/Meca500/image/image125.jpg,-22.875,0.842954,0.0916,-67.125,21.940445,-247.125
../dataset/Meca500/image/image3.jpg,16.785,14.019201,-7.326493,0.014026,10.092292,-0.014026
../dataset/Meca500/image/image646.jpg,-88.915368,73.4751,-38.190787,0.0,54.715687,-538.915368
../dataset/Meca500/image/image849.jpg,90.0,7.381737,-1.882543,0.0,84.500806,-360.0
../dataset/Meca500/image/image844.jpg,90.0,32.882957,-15.95263,0.0,73.069673,-360.0
../dataset/Meca500/image/image584.jpg,40.016738,56.074087,-16.220839,0.0,50.146752,-409.983262
../dataset/Meca500/image/image944.jpg,-66.885,2.464744,0.267833,23.115,64.152423,-516.885
../dataset/Meca500/image/image394.jpg,-49.215,1.813596,0.197076,40.785,47.204328,-499.215
../dataset/Meca500/image/image867.jpg,41.055779,42.516699,-10.851143,0.0,58.334444,-408.944221
../dataset/Meca500/image/image621.jpg,-14.496668,62.281777,-5.570696,0.0,33.288919,-416.633031
../dataset/Meca500/image/image269.jpg,17.955,14.996411,-7.837187,72.045,10.795776,-432.045
../dataset/Meca500/image/image415.jpg,54.795,45.76599,-23.917497,35.205,32.946508,-395.205
../dataset/Meca500/image/image777.jpg,-64.496743,35.317793,-13.575705,0.0,68.257912,-514.496743
../dataset/Meca500/image/image552.jpg,53.625,44.78878,-23.406803,36.375,32.243023,-396.375
../dataset/Meca500/image/image511.jpg,-90.0,66.694575,-34.60791,0.0,57.913336,-540.0
../dataset/Meca500/image/image149.jpg,90.0,58.564186,-30.122036,0.0,61.55785,-360.0
../dataset/Meca500/image/image763.jpg,-28.852591,65.200347,-17.473608,0.0,42.273262,-472.716228
../dataset/Meca500/image/image631.jpg,-44.146912,35.437358,-8.286571,0.0,62.849213,-494.146912
../dataset/Meca500/image/image466.jpg,15.492461,4.864828,-0.417603,13.233902,22.146024,-384.33469
../dataset/Meca500/image/image893.jpg,0.0,48.490582,5.270307,3.433025,19.790679,-363.433025
../dataset/Meca500/image/image617.jpg,0.0,56.829822,6.176675,0.792967,23.194211,-360.792967
../dataset/Meca500/image/image65.jpg,0.0,22.512949,2.44687,11.65709,9.188311,-11.65709
../dataset/Meca500/image/image600.jpg,29.650141,9.310518,-0.799226,8.161712,42.384017,-389.40688
../dataset/Meca500/image/image366.jpg,-72.809058,48.306876,-21.954895,0.0,63.648019,-522.809058
../dataset/Meca500/image/image250.jpg,-77.535,2.857201,0.31048,12.465,74.367319,-527.535
../dataset/Meca500/image/image150.jpg,90.0,53.043921,-27.076275,0.0,64.032354,-360.0
../dataset/Meca500/image/image801.jpg,-80.205,2.955592,0.321172,9.795,76.928237,-530.205
../dataset/Meca500/image/image194.jpg,0.0,8.834195,0.960164,15.987544,3.60554,-375.987544
../dataset/Meca500/image/image856.jpg,61.16405,33.75301,-9.20552,0.0,65.45251,-388.83595
../dataset/Meca500/image/image676.jpg,-14.565,0.536727,0.058324,75.435,13.969949,-464.565
../dataset/Meca500/image/image620.jpg,-10.223158,61.412969,-2.027405,0.0,30.614435,-399.938034
../dataset/Meca500/image/image758.jpg,-6.666164,60.68983,0.921802,0.0,28.388368,-386.042197
../dataset/Meca500/image/image375.jpg,-90.0,56.044065,-28.73158,0.0,62.687515,-540.0
../dataset/Meca500/image/image912.jpg,-50.761411,20.288767,-2.798821,0.0,72.510054,-500.761411
../dataset/Meca500/image/image738.jpg,32.319704,10.148794,-0.871185,7.205303,46.200079,-390.363289
../dataset/Meca500/image/image654.jpg,-90.0,36.363123,-17.872783,0.0,71.50966,-540.0
../dataset/Meca500/image/image653.jpg,-90.0,41.853386,-20.90199,0.0,69.048604,-540.0
../dataset/Meca500/image/image270.jpg,22.935,19.155817,-10.01091,67.065,13.790093,-427.065
../dataset/Meca500/image/image62.jpg,0.0,6.014452,0.653694,16.880226,2.454705,-16.880226
../dataset/Meca500/image/image546.jpg,23.625,19.73212,-10.312088,66.375,14.204968,-426.375
../dataset/Meca500/image/image985.jpg,90.0,27.062678,-12.74134,0.0,75.678661,-360.0
../dataset/Meca500/image/image279.jpg,66.945,55.913937,-29.220857,23.055,40.25192,-383.055
../dataset/Meca500/image/image420.jpg,79.275,66.212224,-34.602785,10.725,47.66556,-370.725
../dataset/Meca500/image/image635.jpg,-53.400858,17.979016,-2.39055,0.0,74.411533,-503.400858
../dataset/Meca500/image/image463.jpg,30.490004,9.574246,-0.821865,7.86082,43.584576,-389.707773
../dataset/Meca500/image/image852.jpg,79.639523,14.25207,-3.076546,0.0,78.824476,-370.360477
../dataset/Meca500/image/image594.jpg,49.058668,24.188404,-4.211509,0.0,70.023105,-400.941332
../dataset/Meca500/image/image291.jpg,90.0,37.713188,-18.61767,0.0,70.904482,-360.0
../dataset/Meca500/image/image673.jpg,-29.565,1.089484,0.11839,60.435,28.357126,-479.565
../dataset/Meca500/image/image790.jpg,-90.0,48.543706,-24.593319,0.0,66.049613,-540.0
../dataset/Meca500/image/image903.jpg,-31.559641,64.264464,-18.729403,0.0,44.464939,-481.559195
../dataset/Meca500/image/image172.jpg,31.393858,64.659329,-18.873171,0.0,44.213842,-418.606142
../dataset/Meca500/image/image58.jpg,15.492461,4.864828,-0.417603,13.233902,22.146024,-24.33469
../dataset/Meca500/image/image496.jpg,-48.58714,25.268304,-4.602715,0.0,69.334411,-498.58714
../dataset/Meca500/image/image223.jpg,-57.873767,24.968523,-6.899444,0.0,71.930921,-507.873767
../dataset/Meca500/image/image686.jpg,35.445,29.604444,-15.471406,54.555,21.311962,-414.555
../dataset/Meca500/image/image155.jpg,90.0,26.042629,-12.178536,0.0,76.135907,-360.0
../dataset/Meca500/image/image925.jpg,-90.0,73.204886,-38.199921,0.0,54.995035,-540.0
../dataset/Meca500/image/image994.jpg,71.282924,23.072495,-5.848728,0.0,72.776233,-378.717076
../dataset/Meca500/image/image334.jpg,0.0,16.153528,1.755682,13.670371,6.592812,-373.670371
../dataset/Meca500/image/image588.jpg,35.305749,55.685473,-15.621682,0.0,49.936209,-414.694251
../dataset/Meca500/image/image656.jpg,-90.0,25.862621,-12.079218,0.0,76.216597,-540.0
../dataset/Meca500/image/image561.jpg,90.0,66.064544,-34.260296,0.0,58.195752,-360.0
../dataset/Meca500/image/image692.jpg,65.445,54.661104,-28.566121,24.555,39.350017,-384.555
../dataset/Meca500/image/image509.jpg,-88.7042,73.145123,-37.97792,0.0,54.832797,-538.7042
../dataset/Meca500/image/image958.jpg,2.115,1.766495,-0.923177,87.885,1.271683,-447.885
../dataset/Meca500/image/image297.jpg,90.0,7.711752,-2.064626,0.0,84.352874,-360.0
../dataset/Meca500/image/image183.jpg,46.147438,14.490877,-1.243914,2.251322,65.966424,-395.317271
../dataset/Meca500/image/image193.jpg,0.0,3.824652,0.415691,17.573478,1.560972,-377.573478
../dataset/Meca500/image/image455.jpg,44.55295,34.507444,-7.949699,0.0,63.442255,-405.44705
../dataset/Meca500/image/image462.jpg,35.499183,11.147191,-0.956888,6.06621,50.745052,-391.502382
../dataset/Meca500/image/image803.jpg,-70.215,2.587456,0.281168,19.785,67.346377,-520.215
../dataset/Meca500/image/image939.jpg,-89.98278,4.218171,-0.137491,0.01722,85.9021,-539.98278
../dataset/Meca500/image/image707.jpg,90.0,25.712614,-11.996453,0.0,76.283839,-360.0
../dataset/Meca500/image/image827.jpg,48.765,40.729601,-21.285459,41.235,29.320858,-401.235
../dataset/Meca500/image/image840.jpg,90.0,52.38389,-26.712108,0.0,64.328219,-360.0
../dataset/Meca500/image/image936.jpg,-90.0,18.692278,-8.12304,0.0,79.430763,-540.0
../dataset/Meca500/image/image50.jpg,49.792157,22.508561,-3.602966,0.0,71.094406,-40.207843
../dataset/Meca500/image/image146.jpg,89.94867,74.460746,-38.894081,-0.05133,54.382004,-359.94867
../dataset/Meca500/image/image556.jpg,75.105,62.729348,-32.782619,14.895,45.158271,-374.895
../dataset/Meca500/image/image275.jpg,47.445,39.627108,-20.709292,42.555,28.527184,-402.555
../dataset/Meca500/image/image823.jpg,29.265,24.442772,-12.773895,60.735,17.596123,-420.735
../dataset/Meca500/image/image389.jpg,-74.205,2.734489,0.297145,15.795,71.173366,-524.205
../dataset/Meca500/image/image22.jpg,90.0,48.873722,-24.775402,0.0,65.90168,0.0
../dataset/Meca500/image/image381.jpg,-90.0,27.032677,-12.724786,0.0,75.69211,-540.0
../dataset/Meca500/image/image636.jpg,-56.606762,22.988663,-5.622247,0.0,72.633584,-506.606762
../dataset/Meca500/image/image95.jpg,-76.859631,54.636429,-26.038058,0.0,61.401628,-166.859631
../dataset/Meca500/image/image52.jpg,47.977138,15.065426,-1.293234,1.595805,68.581927,-35.972787
../dataset/Meca500/image/image796.jpg,-90.0,18.032246,-7.758873,0.0,79.726627,-540.0
../dataset/Meca500/image/image967.jpg,47.595,39.752391,-20.774765,42.405,28.617374,-402.405
../dataset/Meca500/image/image436.jpg,90.0,5.881665,-1.054891,0.0,85.173226,-360.0
../dataset/Meca500/image/image761.jpg,-20.331161,63.467934,-10.408243,0.0,36.94031,-439.426202
../dataset/Meca500/image/image362.jpg,-60.330987,28.808252,-9.376434,0.0,70.568182,-510.330987
../dataset/Meca500/image/image762.jpg,-24.579081,64.331539,-13.930317,0.0,39.598778,-456.02123
../dataset/Meca500/image/image970.jpg,63.105,52.706684,-27.544733,26.895,37.943049,-386.895
../dataset/Meca500/image/image133.jpg,20.625,17.226454,-9.002617,-69.375,12.401163,-290.625
../dataset/Meca500/image/image326.jpg,23.831095,7.483264,-0.642372,10.246468,34.065859,-387.322124
../dataset/Meca500/image/image289.jpg,90.0,47.733667,-24.146387,0.0,66.412719,-360.0
../dataset/Meca500/image/image324.jpg,33.819458,10.619736,-0.911611,6.667995,48.343934,-390.900597
../dataset/Meca500/image/image571.jpg,90.0,16.052151,-6.666372,0.0,80.614221,-360.0
../dataset/Meca500/image/image281.jpg,76.935,64.257805,-33.581397,13.065,46.258592,-373.065
../dataset/Meca500/image/image196.jpg,0.0,18.343329,1.993685,12.977119,7.486545,-372.977119
../dataset/Meca500/image/image103.jpg,-90.0,53.193929,-27.159041,0.0,63.965112,-180.0
../dataset/Meca500/image/image833.jpg,78.285,65.385354,-34.170659,11.715,47.070305,-371.715
../dataset/Meca500/image/image931.jpg,-90.0,43.713475,-21.928279,0.0,68.214804,-540.0
../dataset/Meca500/image/image332.jpg,0.0,6.674392,0.725421,16.6713,2.72405,-376.6713
../dataset/Meca500/image/image859.jpg,46.952147,48.753734,-13.920116,0.0,55.166382,-403.047853
../dataset/Meca500/image/image637.jpg,-59.486317,27.488345,-8.524969,0.0,71.036623,-509.486317
../dataset/Meca500/image/image891.jpg,0.0,38.981448,4.236785,6.44345,15.909674,-366.44345
../dataset/Meca500/image/image968.jpg,52.605,43.936853,-22.961583,37.395,31.62973,-397.395
../dataset/Meca500/image/image304.jpg,61.021931,33.903018,-9.252666,0.0,65.349649,-388.978069
../dataset/Meca500/image/image60.jpg,4.484265,1.408116,-0.120874,17.177744,6.410127,-20.390848
../dataset/Meca500/image/image685.jpg,30.435,25.419982,-13.284588,59.565,18.299607,-419.565
../dataset/Meca500/image/image377.jpg,-90.0,46.023586,-23.202863,0.0,67.179278,-540.0
../dataset/Meca500/image/image665.jpg,-68.565,2.526652,0.274561,21.435,65.763787,-518.565
../dataset/Meca500/image/image79.jpg,-31.769285,63.78472,-18.555727,0.0,44.771007,-121.769285
../dataset/Meca500/image/image747.jpg,0.0,13.663755,1.485076,14.45859,5.57665,-374.45859
../dataset/Meca500/image/image488.jpg,-30.394302,65.46339,-18.718365,0.0,43.254976,-478.680374
../dataset/Meca500/image/image986.jpg,90.0,22.562463,-10.258383,0.0,77.69592,-360.0
../dataset/Meca500/image/image411.jpg,34.785,29.053197,-15.183322,55.215,20.915125,-415.215
../dataset/Meca500/image/image117.jpg,-65.865,2.427156,0.263749,-24.135,63.174095,-204.135
../dataset/Meca500/image/image920.jpg,-75.57343,52.626571,-24.741508,0.0,62.114937,-525.57343
../dataset/Meca500/image/image450.jpg,33.196969,60.515024,-17.371242,0.0,46.856218,-416.803031
../dataset/Meca500/image/image587.jpg,33.341047,60.185055,-17.251707,0.0,47.066652,-416.658953
../dataset/Meca500/image/image376.jpg,-90.0,51.033825,-25.967222,0.0,64.933396,-540.0
../dataset/Meca500/image/image766.jpg,-36.432179,53.105714,-14.687135,0.0,51.581421,-486.432179
../dataset/Meca500/image/image48.jpg,44.985185,33.517536,-7.591094,0.0,64.073557,-45.014815
../dataset/Meca500/image/image51.jpg,52.099323,17.06194,-1.63529,0.022386,74.466091,-37.815805
../dataset/Meca500/image/image30.jpg,90.0,5.881665,-1.054891,0.0,85.173226,0.0
../dataset/Meca500/image/image306.jpg,52.011584,43.413476,-12.24172,0.0,58.828244,-397.988416
../dataset/Meca500/image/image39.jpg,46.497366,49.233757,-14.070983,0.0,54.837226,-43.502634
../dataset/Meca500/image/image94.jpg,-73.672924,49.656781,-22.825712,0.0,63.168931,-163.672924
../dataset/Meca500/image/image977.jpg,90.0,67.054592,-34.806547,0.0,57.751955,-360.0
../dataset/Meca500/image/image49.jpg,47.382122,28.028047,-5.602463,0.0,67.574416,-42.617878
../dataset/Meca500/image/image179.jpg,46.439065,30.187846,-6.384875,0.0,66.197029,-403.560935
../dataset/Meca500/image/image69.jpg,0.0,44.500945,4.836684,4.696074,18.162371,-4.696074
../dataset/Meca500/image/image915.jpg,-59.27515,27.158368,-8.312102,0.0,71.153734,-509.27515
../dataset/Meca500/image/image9.jpg,49.275,41.155564,-21.50807,0.007802,29.627505,-0.007802
../dataset/Meca500/image/image927.jpg,-90.0,63.214408,-32.687757,0.0,59.473349,-540.0
../dataset/Meca500/image/image243.jpg,-90.0,25.862621,-12.079218,0.0,76.216597,-540.0
../dataset/Meca500/image/image185.jpg,36.668991,11.514525,-0.988421,5.64711,52.417259,-391.921482
../dataset/Meca500/image/image909.jpg,-44.435068,34.777419,-8.047501,0.0,63.270081,-494.435068
../dataset/Meca500/image/image410.jpg,29.775,24.868735,-12.996505,60.225,17.90277,-420.225
../dataset/Meca500/image/image19.jpg,90.0,63.394417,-32.787076,0.0,59.392659,0.0
../dataset/Meca500/image/image703.jpg,90.0,45.213547,-22.755931,0.0,67.542384,-360.0
../dataset/Meca500/image/image397.jpg,-34.215,1.260839,0.13701,55.785,32.817151,-484.215
../dataset/Meca500/image/image663.jpg,-78.555,2.894788,0.314564,11.445,75.345647,-528.555
../dataset/Meca500/image/image885.jpg,0.0,9.494135,1.031891,15.778619,3.874884,-375.778619
../dataset/Meca500/image/image54.jpg,36.998937,11.618133,-0.997314,5.528902,52.888907,-32.03969
../dataset/Meca500/image/image876.jpg,34.989266,10.987071,-0.943143,6.248895,50.016141,-391.319697
../dataset/Meca500/image/image170.jpg,39.533534,56.584112,-16.381135,0.0,49.797024,-410.466466
../dataset/Meca500/image/image387.jpg,-84.225,3.103731,0.337269,5.775,80.784,-534.225
../dataset/Meca500/image/image973.jpg,78.105,65.235014,-34.092091,11.895,46.962076,-371.895
../dataset/Meca500/image/image816.jpg,-6.225,0.229394,0.024927,83.775,5.970679,-456.225
../dataset/Meca500/image/image231.jpg,-83.482608,64.985699,-32.714318,0.0,57.728619,-533.482608
../dataset/Meca500/image/image320.jpg,51.822229,17.859051,-1.918636,3e-05,74.059441,-398.177656
../dataset/Meca500/image/image424.jpg,90.0,65.884536,-34.160978,0.0,58.276442,-360.0
../dataset/Meca500/image/image754.jpg,0.0,47.650658,5.179018,3.69893,19.447877,-363.69893
../dataset/Meca500/image/image33.jpg,76.797142,17.252214,-4.019465,0.0,76.767251,-13.202858
../dataset/Meca500/image/image553.jpg,58.605,48.948185,-25.580526,31.395,35.237341,-391.395
../dataset/Meca500/image/image951.jpg,-32.895,1.212196,0.131724,57.105,31.55108,-482.895
../dataset/Meca500/image/image765.jpg,-34.467476,57.605295,-16.317159,0.0,48.711865,-484.467476
../dataset/Meca500/image/image955.jpg,-12.885,0.474818,0.051597,77.115,12.358585,-462.885
../dataset/Meca500/image/image414.jpg,49.785,41.581527,-21.73068,40.215,29.934152,-400.215
../dataset/Meca500/image/image266.jpg,2.955,2.468081,-1.289829,87.045,1.776748,-447.045
../dataset/Meca500/image/image610.jpg,0.0,21.343055,2.319717,12.027457,8.710837,-372.027457
../dataset/Meca500/image/image932.jpg,-90.0,38.193211,-18.882519,0.0,70.689308,-540.0
../dataset/Meca500/image/image164.jpg,67.957339,26.582664,-6.951944,0.0,70.369279,-382.042661
../dataset/Meca500/image/image90.jpg,-59.908652,28.148299,-8.950701,0.0,70.802403,-149.908652
../dataset/Meca500/image/image409.jpg,25.275,21.110236,-11.032297,64.725,15.197061,-424.725
../dataset/Meca500/image/image441.jpg,68.753206,25.742624,-6.687926,0.0,70.945302,-381.246794
../dataset/Meca500/image/image870.jpg,47.382122,28.028047,-5.602463,0.0,67.574416,-402.617878
../dataset/Meca500/image/image74.jpg,-9.506641,61.267301,-1.43332,0.0,30.166019,-37.138872
../dataset/Meca500/image/image930.jpg,-90.0,48.693713,-24.676084,0.0,65.982371,-540.0
../dataset/Meca500/image/image91.jpg,-63.421709,33.637911,-12.492022,0.0,68.854111,-153.421709
../dataset/Meca500/image/image498.jpg,-53.19016,17.653659,-2.18001,0.0,74.526351,-503.19016
../dataset/Meca500/image/image750.jpg,0.0,27.672479,3.007645,10.023673,11.294093,-370.023673
../dataset/Meca500/image/image714.jpg,78.076214,15.902149,-3.595151,0.0,77.693002,-371.923786
../dataset/Meca500/image/image32.jpg,81.543918,12.241973,-2.44479,0.0,80.202817,-8.456082
../dataset/Meca500/image/image580.jpg,59.430197,35.583099,-9.780701,0.0,64.197602,-390.569803
../dataset/Meca500/image/image575.jpg,83.135651,10.561892,-1.916755,0.0,81.354864,-366.864349
../dataset/Meca500/image/image614.jpg,0.0,40.841279,4.438925,5.854661,16.668735,-365.854661
../dataset/Meca500/image/image850.jpg,89.119033,4.261228,0.059969,0.0,85.678803,-360.880967
../dataset/Meca500/image/image993.jpg,75.546495,18.572278,-4.434349,0.0,75.862071,-374.453505
../dataset/Meca500/image/image228.jpg,-73.884091,49.986757,-23.038578,0.0,63.051821,-523.884091
../dataset/Meca500/image/image432.jpg,90.0,25.382598,-11.814369,0.0,76.431771,-360.0
../dataset/Meca500/image/image638.jpg,-62.999374,32.977958,-12.066289,0.0,69.088332,-512.999374
../dataset/Meca500/image/image908.jpg,-42.247699,39.786953,-9.862261,0.0,60.075308,-492.247699
../dataset/Meca500/image/image82.jpg,-38.973195,47.286255,-12.578969,0.0,55.292714,-128.973195
../dataset/Meca500/image/image570.jpg,90.0,20.552367,-9.149329,0.0,78.596962,-360.0
../dataset/Meca500/image/image277.jpg,56.955,47.570069,-24.860317,33.045,34.245248,-393.045
../dataset/Meca500/image/image962.jpg,22.605,18.880193,-9.866868,67.395,13.591674,-427.395
../dataset/Meca500/image/image234.jpg,-90.0,70.864774,-36.908783,0.0,56.044009,-540.0
../dataset/Meca500/image/image886.jpg,0.0,14.503678,1.576364,14.192685,5.919451,-374.192685
../dataset/Meca500/image/image842.jpg,90.0,42.393412,-21.199945,0.0,68.806533,-360.0
../dataset/Meca500/image/image76.jpg,-18.463099,63.088155,-8.859379,0.0,35.771224,-72.128389
../dataset/Meca500/image/image477.jpg,0.0,40.481311,4.399801,5.96862,16.52182,-365.96862
../dataset/Meca500/image/image298.jpg,89.710015,3.823698,0.153254,0.0,86.023047,-360.289985
../dataset/Meca500/image/image857.jpg,56.445698,38.733251,-10.770766,0.0,62.037516,-393.554302
../dataset/Meca500/image/image862.jpg,33.223449,63.244433,-18.474416,0.0,45.229983,-416.776551
../dataset/Meca500/image/image470.jpg,0.0,4.484591,0.487418,17.364553,1.830316,-377.364553
../dataset/Meca500/image/image267.jpg,7.935,6.627487,-3.463552,82.065,4.771066,-442.065
../dataset/Meca500/image/image97.jpg,-83.578593,65.135688,-32.811075,0.0,57.675387,-173.578593
../dataset/Meca500/image/image446.jpg,44.592971,51.243854,-14.702739,0.0,53.458885,-405.407029
../dataset/Meca500/image/image499.jpg,-56.395595,22.658686,-5.40938,0.0,72.750694,-506.395595
../dataset/Meca500/image/image792.jpg,-90.0,37.533179,-18.518352,0.0,70.985173,-540.0
../dataset/Meca500/image/image98.jpg,-87.110847,70.655299,-36.371748,0.0,55.716449,-177.110847
../dataset/Meca500/image/image591.jpg,42.286993,39.696961,-9.829661,0.0,60.1327,-407.713007
../dataset/Meca500/image/image15.jpg,80.775,67.465057,-35.25752,0.001767,48.567463,-0.001767
../dataset/Meca500/image/image346.jpg,-14.778157,62.339004,-5.804086,0.0,33.465083,-417.732702
../dataset/Meca500/image/image674.jpg,-24.555,0.904863,0.098328,65.445,23.551809,-474.555
../dataset/Meca500/image/image934.jpg,-90.0,28.712757,-13.651757,0.0,74.939,-540.0
../dataset/Meca500/image/image317.jpg,45.273341,32.857598,-7.352023,0.0,64.494426,-404.726659
../dataset/Meca500/image/image388.jpg,-79.725,2.937904,0.31925,10.275,76.467847,-529.725
../dataset/Meca500/image/image265.jpg,-2.055,0.075728,0.008229,87.945,1.971043,-452.055
../dataset/Meca500/image/image247.jpg,-90.0,5.851663,-1.038338,0.0,85.186674,-540.0
../dataset/Meca500/image/image83.jpg,-41.160564,42.276721,-10.764208,0.0,58.487487,-131.160564
../dataset/Meca500/image/image719.jpg,53.915979,41.403379,-11.609964,0.0,60.206585,-396.084021
../dataset/Meca500/image/image949.jpg,-42.375,1.561539,0.169686,47.625,40.643776,-492.375
../dataset/Meca500/image/image520.jpg,-90.0,22.202446,-10.059746,0.0,77.857301,-540.0
../dataset/Meca500/image/image916.jpg,-62.461857,32.138017,-11.524448,0.0,69.386431,-512.461857
../dataset/Meca500/image/image221.jpg,-51.783056,17.948985,-1.951208,0.0,74.002223,-501.783056
../dataset/Meca500/image/image342.jpg,0.0,56.169882,6.104948,1.001892,22.924866,-361.001892
../dataset/Meca500/image/image775.jpg,-58.411284,25.808464,-7.441286,0.0,71.632822,-508.411284
../dataset/Meca500/image/image479.jpg,0.0,49.990445,5.433322,2.958194,20.402825,-362.958194
../dataset/Meca500/image/image513.jpg,-90.0,56.704097,-29.095747,0.0,62.39165,-540.0
../dataset/Meca500/image/image848.jpg,90.0,12.391976,-4.646901,0.0,82.254925,-360.0
../dataset/Meca500/image/image144.jpg,79.605,66.487847,-34.746826,-10.395,47.863979,-349.605
../dataset/Meca500/image/image651.jpg,-90.0,52.353888,-26.695555,0.0,64.341667,-540.0
../dataset/Meca500/image/image197.jpg,0.0,23.322875,2.534898,11.400681,9.51887,-371.400681
../dataset/Meca500/image/image539.jpg,-11.385,0.419543,0.04559,78.615,10.919868,-461.385
../dataset/Meca500/image/image46.jpg,40.400878,44.016559,-11.394485,0.0,57.377925,-49.599122
../dataset/Meca500/image/image554.jpg,64.125,53.558611,-27.989953,25.875,38.556343,-385.875
../dataset/Meca500/image/image17.jpg,89.99916,73.893377,-38.579811,0.0,54.685593,0.0
../dataset/Meca500/image/image358.jpg,-49.097962,24.098413,-4.178908,0.0,70.080496,-499.097962
../dataset/Meca500/image/image286.jpg,90.0,63.214408,-32.687757,0.0,59.473349,-360.0
../dataset/Meca500/image/image778.jpg,-68.0098,40.807405,-17.117025,0.0,66.30962,-518.0098
../dataset/Meca500/image/image272.jpg,32.445,27.098778,-14.161934,57.555,19.508157,-417.555
../dataset/Meca500/image/image471.jpg,0.0,10.004088,1.087317,15.617176,4.083014,-375.617176
../dataset/Meca500/image/image532.jpg,-47.895,1.764953,0.19179,42.105,45.938257,-497.895
../dataset/Meca500/image/image987.jpg,90.0,17.552223,-7.494025,0.0,79.941801,-360.0
../dataset/Meca500/image/image569.jpg,90.0,25.562607,-11.913687,0.0,76.351081,-360.0
../dataset/Meca500/image/image837.jpg,90.0,67.384608,-34.98863,0.0,57.604023,-360.0
../dataset/Meca500/image/image311.jpg,31.965755,63.334762,-18.392724,0.0,45.057962,-418.034245
../dataset/Meca500/image/image11.jpg,59.775,49.925395,-26.09122,0.00579,35.940825,-0.00579
../dataset/Meca500/image/image835.jpg,87.765,73.303259,-38.308589,2.235,52.77033,-362.235
../dataset/Meca500/image/image264.jpg,-7.035,0.259243,0.028171,82.965,6.747586,-457.035
../dataset/Meca500/image/image257.jpg,-41.535,1.530584,0.166322,48.465,39.838094,-491.535
../dataset/Meca500/image/image567.jpg,90.0,35.073062,-17.161002,0.0,72.087941,-360.0
../dataset/Meca500/image/image712.jpg,87.541341,5.911667,-0.45523,0.0,84.543563,-362.458659
../dataset/Meca500/image/image746.jpg,0.0,8.174255,0.888437,16.19647,3.336196,-376.19647
../dataset/Meca500/image/image734.jpg,51.329529,16.123706,-1.385436,0.393995,73.374006,-397.176742
../dataset/Meca500/image/image812.jpg,-26.205,0.965667,0.104935,63.795,25.134399,-476.205
../dataset/Meca500/image/image558.jpg,84.615,70.67231,-36.933644,5.385,50.876334,-365.385
../dataset/Meca500/image/image898.jpg,-11.656191,61.704306,-3.215574,0.0,31.511268,-405.536356
../dataset/Meca500/image/image947.jpg,-51.885,1.911987,0.207768,38.115,49.765246,-501.885
../dataset/Meca500/image/image444.jpg,54.058098,41.253372,-11.562818,0.0,60.309446,-395.941902
../dataset/Meca500/image/image981.jpg,90.0,47.553659,-24.047068,0.0,66.49341,-360.0
../dataset/Meca500/image/image781.jpg,-78.241818,56.796277,-27.431364,0.0,60.635087,-528.241818
../dataset/Meca500/image/image132.jpg,15.105,12.616028,-6.593189,-74.895,9.082161,-285.105
../dataset/Meca500/image/image566.jpg,90.0,40.563324,-20.190209,0.0,69.626885,-360.0
../dataset/Meca500/image/image771.jpg,-47.775063,27.128131,-5.276458,0.0,68.148328,-497.775063
../dataset/Meca500/image/image998.jpg,52.807451,42.573436,-11.977703,0.0,59.404267,-397.192549
../dataset/Meca500/image/image830.jpg,63.285,52.857024,-27.623301,26.715,38.051277,-386.715
../dataset/Meca500/image/image675.jpg,-19.545,0.720242,0.078266,70.455,18.746492,-469.545
../dataset/Meca500/image/image233.jpg,-89.769889,74.64579,-38.96136,0.0,54.31557,-539.769889
../dataset/Meca500/image/image863.jpg,32.109833,63.004792,-18.273189,0.0,45.268397,-417.890167
../dataset/Meca500/image/image999.jpg,48.060675,47.583678,-13.552378,0.0,55.9687,-401.939325
../dataset/Meca500/image/image531.jpg,-52.395,1.93078,0.20981,37.605,50.25441,-502.395
../dataset/Meca500/image/image922.jpg,-81.65889,62.1359,-30.875927,0.0,58.740027,-531.65889
../dataset/Meca500/image/image151.jpg,90.0,47.553659,-24.047068,0.0,66.49341,-360.0
../dataset/Meca500/image/image206.jpg,-8.534225,61.069608,-0.627062,0.0,29.557454,-393.340011
../dataset/Meca500/image/image302.jpg,70.487058,23.912536,-6.112746,0.0,72.20021,-379.512942
../dataset/Meca500/image/image952.jpg,-27.885,1.027575,0.111662,62.115,26.745762,-477.885
../dataset/Meca500/image/image679.jpg,0.435,0.441337,-0.228564,89.38608,0.401146,-449.565
../dataset/Meca500/image/image316.jpg,42.876404,38.347087,-9.340653,0.0,60.993567,-407.123596
../dataset/Meca500/image/image647.jpg,-90.0,71.854821,-37.455034,0.0,55.600212,-540.0
../dataset/Meca500/image/image453.jpg,40.400878,44.016559,-11.394485,0.0,57.377925,-409.599122
../dataset/Meca500/image/image433.jpg,90.0,20.882383,-9.331412,0.0,78.44903,-360.0
../dataset/Meca500/image/image364.jpg,-66.742795,38.827545,-15.839828,0.0,67.012283,-516.742795
../dataset/Meca500/image/image118.jpg,-60.885,2.243641,0.243807,-29.115,58.397552,-209.115
../dataset/Meca500/image/image352.jpg,-35.999944,54.095621,-15.04574,0.0,50.950119,-485.999944
../dataset/Meca500/image/image643.jpg,-79.316852,58.476158,-28.515047,0.0,60.038889,-529.316852
../dataset/Meca500/image/image96.jpg,-80.391885,60.15604,-29.59873,0.0,59.44269,-170.391885
../dataset/Meca500/image/image887.jpg,0.0,19.483225,2.117578,12.616247,7.951776,-372.616247
../dataset/Meca500/image/image822.jpg,24.285,20.283366,-10.600172,65.715,14.601806,-425.715
../dataset/Meca500/image/image365.jpg,-69.929503,43.807193,-19.052173,0.0,65.24498,-519.929503
../dataset/Meca500/image/image728.jpg,39.811468,45.366434,-11.883492,0.0,56.517058,-410.188532
../dataset/Meca500/image/image652.jpg,-90.0,46.863626,-23.666348,0.0,66.802723,-540.0
../dataset/Meca500/image/image431.jpg,90.0,30.392838,-14.578727,0.0,74.18589,-360.0
../dataset/Meca500/image/image456.jpg,46.727221,29.527908,-6.145805,0.0,66.617897,-403.272779
../dataset/Meca500/image/image4.jpg,22.275,18.60457,-9.722826,0.012974,13.393256,-0.012974
../dataset/Meca500/image/image500.jpg,-59.27515,27.158368,-8.312102,0.0,71.153734,-509.27515
../dataset/Meca500/image/image961.jpg,17.115,14.294825,-7.470535,72.885,10.29071,-432.885
../dataset/Meca500/image/image92.jpg,-66.953963,39.157522,-16.052694,0.0,66.895172,-156.953963
../dataset/Meca500/image/image322.jpg,43.837816,13.765627,-1.181658,3.078776,62.664887,-394.489816
../dataset/Meca500/image/image756.jpg,0.0,57.159792,6.212539,0.688504,23.328883,-360.688504
../dataset/Meca500/image/image515.jpg,-90.0,46.683617,-23.56703,0.0,66.883413,-540.0
../dataset/Meca500/image/image287.jpg,90.0,58.23417,-29.939952,0.0,61.705782,-360.0
../dataset/Meca500/image/image628.jpg,-37.807471,49.956007,-13.546117,0.0,53.590111,-487.807471
../dataset/Meca500/image/image373.jpg,-90.0,66.544567,-34.525145,0.0,57.980578,-540.0
../dataset/Meca500/image/image71.jpg,0.0,54.490035,5.92237,1.533703,22.239263,-1.533703
../dataset/Meca500/image/image517.jpg,-90.0,36.693139,-18.054867,0.0,71.361727,-540.0
../dataset/Meca500/image/image249.jpg,-82.545,3.041822,0.330542,7.455,79.172636,-532.545
../dataset/Meca500/image/image773.jpg,-52.15921,17.201624,-1.693558,0.0,74.491934,-502.15921
../dataset/Meca500/image/image147.jpg,90.0,69.064688,-35.915601,0.0,56.850913,-360.0
../dataset/Meca500/image/image865.jpg,36.681041,52.535767,-14.480665,0.0,51.944898,-413.318959
../dataset/Meca500/image/image618.jpg,-2.111165,59.763795,4.698484,0.0,25.537721,-368.247529
../dataset/Meca500/image/image745.jpg,0.0,3.164712,0.343964,17.782404,1.291628,-377.782404
../dataset/Meca500/image/image975.jpg,87.615,73.177976,-38.243115,2.385,52.68014,-362.385
../dataset/Meca500/image/image732.jpg,48.547846,25.358296,-4.635315,0.0,69.27702,-401.452154
../dataset/Meca500/image/image609.jpg,0.0,16.333512,1.775244,13.613391,6.66627,-373.613391
../dataset/Meca500/image/image933.jpg,-90.0,33.692996,-16.399562,0.0,72.706567,-540.0
../dataset/Meca500/image/image347.jpg,-19.461105,63.291051,-9.686855,0.0,36.395804,-436.027221
../dataset/Meca500/image/image73.jpg,-4.823693,60.315254,2.449449,0.0,27.235298,-18.844354
../dataset/Meca500/image/image300.jpg,80.43539,13.412029,-2.812528,0.0,79.400499,-369.56461
../dataset/Meca500/image/image593.jpg,46.661731,29.677894,-6.200139,0.0,66.522246,-403.338269
../dataset/Meca500/image/image767.jpg,-38.60645,48.126177,-12.883241,0.0,54.757064,-488.60645
../dataset/Meca500/image/image544.jpg,13.605,11.363195,-5.938453,76.395,8.180258,-436.395
../dataset/Meca500/image/image396.jpg,-38.715,1.426666,0.15503,51.285,37.133304,-488.715
../dataset/Meca500/image/image989.jpg,90.0,8.07177,-2.263263,0.0,84.191493,-360.0
../dataset/Meca500/image/image445.jpg,49.339747,46.233612,-13.128064,0.0,56.894452,-400.660253
../dataset/Meca500/image/image309.jpg,38.282886,57.904175,-16.79602,0.0,48.891844,-411.717114
../dataset/Meca500/image/image901.jpg,-24.016104,64.217085,-13.463536,0.0,39.246451,-453.821889
../dataset/Meca500/image/image670.jpg,-44.055,1.623447,0.176413,45.945,42.255139,-494.055
../dataset/Meca500/image/image7.jpg,38.295,31.984827,-16.715404,0.009905,23.025577,-0.009905
../dataset/Meca500/image/image625.jpg,-31.241148,64.905824,-18.935064,0.0,44.02924,-481.138057
../dataset/Meca500/image/image115.jpg,-76.365,2.814086,0.305795,-13.635,73.245119,-193.635
../dataset/Meca500/image/image315.jpg,40.689035,43.356621,-11.155414,0.0,57.798794,-409.310965
../dataset/Meca500/image/image459.jpg,49.986809,15.696488,-1.347405,0.875812,71.454693,-396.69278
../dataset/Meca500/image/image210.jpg,-25.167648,64.451195,-14.418315,0.0,39.96712,-458.320541
../dataset/Meca500/image/image601.jpg,24.161041,7.586871,-0.651266,10.12826,34.537507,-387.440332
../dataset/Meca500/image/image896.jpg,-3.109171,59.96669,3.871008,0.0,26.162301,-372.146361
../dataset/Meca500/image/image124.jpg,-28.395,1.046369,0.113705,-61.605,27.234926,-241.605
../dataset/Meca500/image/image624.jpg,-27.291609,64.882998,-16.179352,0.0,41.296355,-466.618055
../dataset/Meca500/image/image658.jpg,-90.0,16.352166,-6.831903,0.0,80.479737,-540.0
../dataset/Meca500/image/image435.jpg,90.0,10.891905,-3.819249,0.0,82.927344,-360.0
../dataset/Meca500/image/image338.jpg,0.0,36.161705,3.930315,7.336132,14.758839,-367.336132
../dataset/Meca500/image/image884.jpg,0.0,4.484591,0.487418,17.364553,1.830316,-377.364553
